datetime,open,high,low,close,vol,volCcy,volCcyQuote,confirm,interest
2022-05-27 00:00:00,1862.09,1907.21,1713.24,1764.3,2848804.851225,5069125398.981531,5069125398.981531,1,0
2022-05-28 00:00:00,1764.31,1808.65,1706.73,1794.82,1662507.70483,2911073659.903657,2911073659.903657,1,0
2022-05-29 00:00:00,1794.83,1826.96,1761.13,1796.8,649199.35858,1161870954.2110226,1161870954.2110226,1,0
2022-05-30 00:00:00,1796.89,1922.17,1785.08,1912.18,1096913.22263,2052378331.1538935,2052378331.1538935,1,0
2022-05-31 00:00:00,1912.18,2015.94,1905.82,1988.54,2559970.818444,5019347196.024406,5019347196.024406,1,0
2022-06-01 00:00:00,1988.26,1999.49,1879.77,1880.14,1172427.04119,2275855563.9405622,2275855563.9405622,1,0
2022-06-02 00:00:00,1881.13,1900.01,1759.99,1816.23,2303465.592612,4175064017.7561474,4175064017.7561474,1,0
2022-06-03 00:00:00,1816.4,1866.1,1699.99,1763.48,2189074.64745,3948169161.091721,3948169161.091721,1,0
2022-06-04 00:00:00,1763.51,4000,1742.93,1778.69,4479288.505897,8336496350.613771,8336496350.613771,1,0
2022-06-05 00:00:00,1778.69,1860,1736.05,1811.35,499343.772277,893519562.5556159,893519562.5556159,1,0
2022-06-06 00:00:00,1811.43,1919.98,1775,1886.72,765262.147625,1431147161.3515797,1431147161.3515797,1,0
2022-06-07 00:00:00,1886.57,1888.88,1726.27,1781.69,1988016.920849,3520949228.8860025,3520949228.8860025,1,0
2022-06-08 00:00:00,1781.69,2640.01,1753.96,1815.15,120047016.727229,234078404419.94308,234078404419.94308,1,0
2022-06-09 00:00:00,1815.14,1832.72,1772.5,1799.84,789073.481141,1417783657.0707984,1417783657.0707984,1,0
2022-06-10 00:00:00,1799.57,1818.52,1709.64,1727.07,32266162.556333,56313287627.12675,56313287627.12675,1,0
2022-06-11 00:00:00,1726.62,1730.66,1490,1516.54,93959974.445233,149396213531.83112,149396213531.83112,1,0
2022-06-12 00:00:00,1517.19,2022,1399.99,1526.23,186935521.960197,280999793039.6064,280999793039.6064,1,0
2022-06-13 00:00:00,1526.24,1532,1167.84,1229.85,386067573.86598,493154745347.9345,493154745347.9345,1,0
2022-06-14 00:00:00,1229.83,1300,1077.29,1188.96,36067720.991654,43473693238.461408,43473693238.461408,1,0
2022-06-15 00:00:00,1188.96,1188.96,1188.96,1188.96,0,0,0,1,0
2022-06-16 00:00:00,1141.33,1148.3,1083.46,1113.51,137715084.130792,152941110557.03995,152941110557.03995,1,0
2022-06-17 00:00:00,1114.16,1133.72,1000,1085.75,120902856.209141,131191271605.60811,131191271605.60811,1,0
2022-06-18 00:00:00,1085.3,1550,0.2,989.92,1679348924.574664,1525901542231.8447,1525901542231.8447,1,0
2022-06-19 00:00:00,989.92,1110,881.53,1071.88,84499898.127682,82572417631.18846,82572417631.18846,1,0
2022-06-20 00:00:00,1071.14,1168.74,1043.02,1134.48,48773725.310735,53834964170.78274,53834964170.78274,1,0
2022-06-21 00:00:00,1134.45,1192.38,1083.69,1168.16,47354934.029509,53743523650.35488,53743523650.35488,1,0
2022-06-22 00:00:00,1168.17,1174.83,1067.33,1075.05,34418061.9208,38248000336.11794,38248000336.11794,1,0
2022-06-23 00:00:00,1075.15,1124.17,1043.94,1093.82,59225157.104267,63822056589.87648,63822056589.87648,1,0
2022-06-24 00:00:00,1093.87,1224.7,1082.84,1198.05,43203748.72083,50075006283.494896,50075006283.494896,1,0
2022-06-25 00:00:00,1198.2,1245.51,1182.34,1184.08,29765404.252029,36199119671.02818,36199119671.02818,1,0
2022-06-26 00:00:00,1184.13,1279.48,1180.45,1223.83,20148821.04123,24839490726.406155,24839490726.406155,1,0
2022-06-27 00:00:00,1223.54,1249.82,1176.16,1187.68,24250509.572166,29455226276.6631,29455226276.6631,1,0
2022-06-28 00:00:00,1187.56,1236.88,1163.11,1183.85,27726848.682381,33285757598.44326,33285757598.44326,1,0
2022-06-29 00:00:00,1183.61,1193.92,1091.13,1114.44,36226749.180244,41213697958.94015,41213697958.94015,1,0
2022-06-30 00:00:00,1114.28,1122.53,997.99,1031.91,54391121.033541,57733700235.57707,57733700235.57707,1,0
2022-07-01 00:00:00,1031.8,1112.87,997.46,1057.43,146179250.25515,156240151267.0698,156240151267.0698,1,0
2022-07-02 00:00:00,1057.17,3564,1028.51,1052.58,38852806.638408,44885817055.31151,44885817055.31151,1,0
2022-07-03 00:00:00,1052.59,1160,1041.29,1050.66,26390685.934599,28039791491.12731,28039791491.12731,1,0
2022-07-04 00:00:00,1050.73,1131.04,1045.41,1112.19,28199245.468936,30668982359.154797,30668982359.154797,1,0
2022-07-05 00:00:00,1112.28,1173.25,1077.68,1093.02,32742805.773316,36958958269.952354,36958958269.952354,1,0
2022-07-06 00:00:00,1093.08,1169.63,1088.48,1133.4,34984670.719494,39644591018.60132,39644591018.60132,1,0
2022-07-07 00:00:00,1133.45,1228.43,1132.36,1220.37,26355703.970097,31050800815.341103,31050800815.341103,1,0
2022-07-08 00:00:00,1220.42,1276.07,968,1235.69,97845809.923449,112946583298.6278,112946583298.6278,1,0
2022-07-09 00:00:00,1235.77,1254.56,1204.87,1216.5,8802409.86521,10766995979.71399,10766995979.71399,1,0
2022-07-10 00:00:00,1215.32,1400.53,1156.81,1163.15,4040493.883333,4870783126.185516,4870783126.185516,1,0
2022-07-11 00:00:00,1163.88,1250,1129.29,1143.55,81881336.724354,95111962882.52667,95111962882.52667,1,0
2022-07-12 00:00:00,1143.55,1156.47,1054.01,1075.81,24195520.028363,26425914686.259613,26425914686.259613,1,0
2022-07-13 00:00:00,1075.92,1102,1006.75,1061.08,677147.4948,716566629.7144444,716566629.7144444,1,0
2022-07-14 00:00:00,1060.56,1146.54,1049.71,1141.53,753670.620553,831478748.4267688,831478748.4267688,1,0
2022-07-15 00:00:00,1140.73,1355.64,1133.64,1222.95,50484877.757951,63382188053.2099,63382188053.2099,1,0
2022-07-16 00:00:00,1222.41,1286.3,1191.79,1275.03,24503468.415018,30095858891.595768,30095858891.595768,1,0
2022-07-17 00:00:00,1274.44,1429.62,1241.1,1304,18527353.551395,24976782184.587646,24976782184.587646,1,0
2022-07-18 00:00:00,1304.15,1732.28,1248,1520.83,19422029.751025,28248606143.61042,28248606143.61042,1,0
2022-07-19 00:00:00,1520.61,1631.6,1452.35,1540.53,46155000.241134,70511429732.50352,70511429732.50352,1,0
2022-07-20 00:00:00,1540.33,1620.15,1510.95,1596.49,39285495.856422,61744057369.608444,61744057369.608444,1,0
2022-07-21 00:00:00,1596.56,1597.47,1464.7,1511.18,97212630.173107,147137346478.71054,147137346478.71054,1,0
2022-07-22 00:00:00,1510.73,1645.19,1480,1574.71,78760154.924103,125891952124.87338,125891952124.87338,1,0
2022-07-23 00:00:00,1574.71,1596.34,1502.4,1523.74,55558386.526825,85689590550.93169,85689590550.93169,1,0
2022-07-24 00:00:00,1523.77,1628.39,1489.21,1613,43569867.896989,68464567501.0889,68464567501.0889,1,0
2022-07-25 00:00:00,1613,1664.35,1499.77,1526,107160566.910778,166555545623.31897,166555545623.31897,1,0
2022-07-26 00:00:00,1526.03,1930,1364.92,1368.63,103982979.958862,152226890190.6038,152226890190.6038,1,0
2022-07-27 00:00:00,1368.63,1496.49,1356.7,1489.36,28541130.319927,40710586349.20469,40710586349.20469,1,0
2022-07-28 00:00:00,1489.34,1754.29,1478.54,1728.42,73116796.711878,117284221752.59349,117284221752.59349,1,0
2022-07-29 00:00:00,1728.16,1784.1,1656.91,1721.49,63628452.318246,109262471852.42575,109262471852.42575,1,0
2022-07-30 00:00:00,1721.52,1764.96,1668.59,1736.05,57521276.666987,98449626281.3995,98449626281.3995,1,0
2022-07-31 00:00:00,1736.3,1737.35,1673.73,1711.99,13299366.069116,22657794184.096703,22657794184.096703,1,0
2022-08-01 00:00:00,1711.98,1754,1649.97,1669.78,3637196.722727,6233566387.570136,6233566387.570136,1,0
2022-08-02 00:00:00,1669.78,1675.22,1559.7,1629,919246.197152,1465762340.3210049,1465762340.3210049,1,0
2022-08-03 00:00:00,1629.97,1682.1,1590.62,1656.65,1518920.368707,2492588229.5320754,2492588229.5320754,1,0
2022-08-04 00:00:00,1656.61,1671,1597.06,1615.45,10204028.443252,16592710830.525988,16592710830.525988,1,0
2022-08-05 00:00:00,1615.53,1724.59,1580.93,1670.66,17528369.074921,28930267435.59593,28930267435.59593,1,0
2022-08-06 00:00:00,1670.63,1749.94,1656.59,1715.64,11233436.939391,19184210248.47532,19184210248.47532,1,0
2022-08-07 00:00:00,1715.07,1723.52,1668.51,1698.87,8407379.712258,14254191332.858368,14254191332.858368,1,0
2022-08-08 00:00:00,1698.61,1818.18,1690.91,1775.28,11680741.388707,20398342542.77057,20398342542.77057,1,0
2022-08-09 00:00:00,1775.31,1799.41,1669.03,1685,12228117.678093,21399557977.052475,21399557977.052475,1,0
2022-08-10 00:00:00,1684.65,1852.68,1657.17,1837.63,14781878.755441,25658885667.77102,25658885667.77102,1,0
2022-08-11 00:00:00,1837.61,1929.41,1804.35,1890.05,15321309.666172,28716391488.14417,28716391488.14417,1,0
2022-08-12 00:00:00,1890,1913.41,1857.42,1897.81,9209921.172108,17402528916.225353,17402528916.225353,1,0
2022-08-13 00:00:00,1897.54,2208,1873.6,1988.71,2491999.536156,4915969027.94895,4915969027.94895,1,0
2022-08-14 00:00:00,1988.51,2300,0.9,1833.79,2225080691.282569,2067995462363.9202,2067995462363.9202,1,0
2022-08-15 00:00:00,1828,2003.49,827,1800.21,601718391.92143,1098365362518.9144,1098365362518.9144,1,0
2022-08-16 00:00:00,1800.21,1910,1800.18,1825.25,190543852951.13538,344603314369535.6,344603314369535.6,1,0
2022-08-17 00:00:00,1825.25,1915.07,1800.22,1831.8,278125684.664508,507886366453.79065,507886366453.79065,1,0
2022-08-18 00:00:00,1830.63,1881.57,1822.01,1872.82,14715050.675536,27207365705.993526,27207365705.993526,1,0
2022-08-19 00:00:00,1872.7,1879.58,1681.62,1699.31,5882338.60026,10889097234.362453,10889097234.362453,1,0
2022-08-20 00:00:00,1699.31,1766.66,1392,1636.32,856506.570692,1406796982.734588,1406796982.734588,1,0
2022-08-21 00:00:00,1635.19,1640.33,1523.78,1622.25,1486917.003571,2362480806.294917,2362480806.294917,1,0
2022-08-22 00:00:00,1621.83,1645.95,1530.69,1590.22,14346468.251852,22572789112.807926,22572789112.807926,1,0
2022-08-23 00:00:00,1589.79,1653.66,1549.29,1640.63,20312813.728303,32605442876.08405,32605442876.08405,1,0
2022-08-24 00:00:00,1640.46,1687.59,1605.86,1683.12,17421332.30018,28642261695.771492,28642261695.771492,1,0
2022-08-25 00:00:00,1683.29,1721.64,1652.84,1701.92,16683588.628293,28217987993.20403,28217987993.20403,1,0
2022-08-26 00:00:00,1701.45,1712.81,1585.84,1598.09,29936091.939239,49650507194.55484,49650507194.55484,1,0
2022-08-27 00:00:00,1598.09,1601.68,1423.24,1470.91,12313339.242281,18952644269.10511,18952644269.10511,1,0
2022-08-28 00:00:00,1470,1511,1447.87,1486.72,12085358.474388,17910370351.772873,17910370351.772873,1,0
2022-08-29 00:00:00,1486.74,1529.55,1422.33,1521.26,14830140.237429,21742699656.27251,21742699656.27251,1,0
2022-08-30 00:00:00,1521.45,1605.77,1510.02,1525.34,16651329.692582,25886590096.805023,25886590096.805023,1,0
2022-08-31 00:00:00,1525.3,1619.04,1474.67,1561.21,24612142.653855,38405477825.50837,38405477825.50837,1,0
2022-09-01 00:00:00,1560.58,1585.52,1513.49,1535.64,10828533.492428,16789694423.582262,16789694423.582262,1,0
2022-09-02 00:00:00,1535.82,1648.17,1524.16,1636.5,19506320.175992,31081147950.41422,31081147950.41422,1,0
2022-09-03 00:00:00,1636.29,1638.92,1534.57,1548.29,14371903.258374,22563866207.79976,22563866207.79976,1,0
2022-09-04 00:00:00,1548.63,1582.4,1536.01,1560.33,17491420.640656,27231180951.421127,27231180951.421127,1,0
2022-09-05 00:00:00,1560.43,1606,1555.87,1600.58,9653033.539885,15183209689.347937,15183209689.347937,1,0
2022-09-06 00:00:00,1600.63,1716.45,1576.67,1669.52,18080664.972645,29709135602.8408,29709135602.8408,1,0
2022-09-07 00:00:00,1669.44,1674.44,1490.56,1543.76,26738788.070271,41656001314.48157,41656001314.48157,1,0
2022-09-08 00:00:00,1543.83,1656.85,1536.28,1629.85,18891578.336309,30544918134.3693,30544918134.3693,1,0
2022-09-09 00:00:00,1629.61,1745.94,1608.79,1718.95,20866880.050281,35095521576.546745,35095521576.546745,1,0
2022-09-10 00:00:00,1718.95,1745.18,1695.99,1715.76,13072915.757118,22485445574.972916,22485445574.972916,1,0
2022-09-11 00:00:00,1715.62,1788.93,1709.22,1768.52,13569823.840656,23872069210.105507,23872069210.105507,1,0
2022-09-12 00:00:00,1768.46,1788.93,1696.53,1708.86,9163150.350504,15990268852.8249,15990268852.8249,1,0
2022-09-13 00:00:00,1708.86,1757.65,1575.69,1593.8,20361083.688458,34362038245.38158,34362038245.38158,1,0
2022-09-14 00:00:00,1593.62,1630.79,1553.27,1596.04,20160492.068298,32218116748.16746,32218116748.16746,1,0
2022-09-15 00:00:00,1596.1,1654,1458.01,1491.93,33750122.372764,53230368323.43787,53230368323.43787,1,0
2022-09-16 00:00:00,1491.97,1518.14,1424.46,1452.54,22445798.366068,33045769635.842487,33045769635.842487,1,0
2022-09-17 00:00:00,1451.81,1646,1199.99,1444.25,17770778.102161,25443565298.52702,25443565298.52702,1,0
2022-09-18 00:00:00,1444.29,1475.72,1409.92,1417.1,9508127.761996,13766033161.307821,13766033161.307821,1,0
2022-09-19 00:00:00,1417.09,1424.29,602.55,1341.38,21089537.602841,28148833838.836445,28148833838.836445,1,0
2022-09-20 00:00:00,1341.49,1392.14,1322.44,1377.2,21936989.81204,29758531585.855263,29758531585.855263,1,0
2022-09-21 00:00:00,1377.28,1383.21,1300,1343,16862559.272933,22619614203.406254,22619614203.406254,1,0
2022-09-22 00:00:00,1343.03,1408.19,1220.17,1271.17,39335173.466481,51307680731.69853,51307680731.69853,1,0
2022-09-23 00:00:00,1271.17,1359.23,1252.21,1294.57,28372402.947608,37158456517.0603,37158456517.0603,1,0
2022-09-24 00:00:00,1293.57,1385.5,1275.1,1339.84,19923323.712201,26173434097.422287,26173434097.422287,1,0
2022-09-25 00:00:00,1339.75,1348.3,1298.6,1311.32,11128410.062299,14727533357.854969,14727533357.854969,1,0
2022-09-26 00:00:00,1311.01,1338.16,1270.52,1325.19,19688200.494208,25611318442.17438,25611318442.17438,1,0
2022-09-27 00:00:00,1324.99,1399.95,1311.51,1365.74,16937147.236588,23075177201.441536,23075177201.441536,1,0
2022-09-28 00:00:00,1365.26,1485.89,1253.56,1331.85,37662129.725829,49428651539.06009,49428651539.06009,1,0
2022-09-29 00:00:00,1331.82,1355.25,1288.37,1326.96,20411889.271241,27107039960.67703,27107039960.67703,1,0
2022-09-30 00:00:00,1326.96,1401.33,999.99,1351.13,98412823.608982,128410318762.57503,128410318762.57503,1,0
2022-10-01 00:00:00,1351.07,1361.71,1316.67,1322.41,9965838.33001,13309496258.025608,13309496258.025608,1,0
2022-10-02 00:00:00,1322.81,1327.5,1286.79,1293.46,9720694.121945,12667765615.282518,12667765615.282518,1,0
2022-10-03 00:00:00,1293.5,1327.27,1263.15,1318.75,16929369.395429,21923858167.128883,21923858167.128883,1,0
2022-10-04 00:00:00,1318.72,1364,1266.11,1353.84,10793710.81631,14408988756.470097,14408988756.470097,1,0
2022-10-05 00:00:00,1353.84,171500,140,1330.19,18738876.548038,153686565935.10516,153686565935.10516,1,0
2022-10-06 00:00:00,1330.32,2200,1327.44,1361.79,310298296.483533,427063177151.80524,427063177151.80524,1,0
2022-10-07 00:00:00,1361.7,1412.5,1345.37,1357.59,403824151.5202,548234499793.2147,548234499793.2147,1,0
2022-10-08 00:00:00,1357.59,1375,1319.14,1324.42,378506314.391205,514396613016.5462,514396613016.5462,1,0
2022-10-09 00:00:00,1324.42,1329.99,1302.8,1326.49,3892479.750897,5128396056.94322,5128396056.94322,1,0
2022-10-10 00:00:00,1326.4,1860.32,1249.99,1307.31,7265329.812767,9750428115.527582,9750428115.527582,1,0
2022-10-11 00:00:00,1312,1808.15,1250,1293.62,6192080.416235,7950853173.063322,7950853173.063322,1,0
2022-10-12 00:00:00,1293.52,1330,1273.87,1299.32,8706709.45722,11235971293.087744,11235971293.087744,1,0
2022-10-13 00:00:00,1299.32,1302.8,1188.08,1256.55,18503987.322587,23008043278.788185,23008043278.788185,1,0
2022-10-14 00:00:00,1256.6,1342.55,1251.13,1310.84,15790037.234313,20631092839.135376,20631092839.135376,1,0
2022-10-15 00:00:00,1310.08,1320.05,1229,1286.26,7311229.12385,9469156675.646923,9469156675.646923,1,0
2022-10-16 00:00:00,1286.03,6029.46,1263.73,1286.11,31177866.645372,110312313550.35646,110312313550.35646,1,0
2022-10-17 00:00:00,1286.2,2000.95,1245.42,1329.04,9707091.410897,12892221064.467901,12892221064.467901,1,0
2022-10-18 00:00:00,1329,1341.33,1299.18,1307.93,8210721.916649,10881221079.333244,10881221079.333244,1,0
2022-10-19 00:00:00,1307.49,1328.57,1287.42,1304.61,56562893.592817,74403774181.83827,74403774181.83827,1,0
2022-10-20 00:00:00,1304.61,1310.83,1270.66,1299.9,9033698.203656,11672190738.355396,11672190738.355396,1,0
2022-10-21 00:00:00,1299.9,1299.9,1253.49,1297.31,10034960.147731,12852573083.12894,12852573083.12894,1,0
2022-10-22 00:00:00,1297.31,1318.68,1294.29,1316.57,5524585.358887,7195455515.3704129,7195455515.3704129,1,0
2022-10-23 00:00:00,1316.13,1366.85,1290,1313.65,3726241.4607,4882566808.58652187,4882566808.58652187,1,0
2022-10-24 00:00:00,1313.72,1370.65,1265.99,1341.48,13667035.821065,18336058891.15174045,18336058891.15174045,1,0
2022-10-25 00:00:00,1341.08,2022.52,1115.91,1408.25,68778310.965254,93774865100.15123,93774865100.15123,1,0
2022-10-26 00:00:00,1408.64,1595.3,1395.33,1567.57,46693858.53224,70214483450.988205,70214483450.988205,1,0
2022-10-27 00:00:00,1567.46,1609.82,1491.99,1544.08,199418633.253793,311738482189.813495,311738482189.813495,1,0
2022-10-28 00:00:00,1544.15,1565.96,1487.26,1537.74,29792994.938581,45381102850.374072,45381102850.374072,1,0
2022-10-29 00:00:00,1537.78,1653.05,1531,1632.63,23021631.46016,36834135982.943673,36834135982.943673,1,0
2022-10-30 00:00:00,1632.25,1658.34,1539.99,1587.3,10594662.51081,17113851866.677889,17113851866.677889,1,0
2022-10-31 00:00:00,1586.99,1635.02,1509,1569.14,17363408.205915,27512441181.673856,27512441181.673856,1,0
2022-11-01 00:00:00,1569.27,1770.01,1519,1574.23,25569717.067288,41365177171.295153,41365177171.295153,1,0
2022-11-02 00:00:00,1574.24,1600.16,1551.12,1558.55,8104165.857401,12770665811.211233,12770665811.211233,1,0
2022-11-03 00:00:00,1558.55,1620.48,1502.47,1542.55,30641438.075353,47772117527.189981,47772117527.189981,1,0
2022-11-04 00:00:00,1542.55,1676.58,1525.21,1625.9,18699479.351633,29764485395.392185,29764485395.392185,1,0
2022-11-05 00:00:00,1625.07,1693.33,1599.99,1636.09,10275813.835302,16850710704.584453,16850710704.584453,1,0
2022-11-06 00:00:00,1636.1,1642.75,1608.79,1624.13,6889035.56939,11200271508.777872,11200271508.777872,1,0
2022-11-07 00:00:00,1623.82,190550.67,1546.55,1578.46,20752021.012927,203131401437.883593,203131401437.883593,1,0
2022-11-08 00:00:00,1577.83,1608.43,1425.61,1462.1,36169377.510728,53941136104.996399,53941136104.996399,1,0
2022-11-09 00:00:00,1462.04,27500,280,300,67196598.693323,169842814589.935137,169842814589.935137,1,0
2022-11-10 00:00:00,300,1441.33,230,1270,65285984.218528,74342497918.994344,74342497918.994344,1,0
2022-11-11 00:00:00,1273.92,1321.97,1057.88,1260.72,20588511.835883,25958131463.544544,25958131463.544544,1,0
2022-11-12 00:00:00,1260.72,1288.25,1199,1274.57,65088568.333506,82847055038.104685,82847055038.104685,1,0
2022-11-13 00:00:00,1274.57,1278.05,1170,1231.84,18078575.714116,22618232024.492856,22618232024.492856,1,0
2022-11-14 00:00:00,1231.48,1288.25,1171.6,1245.53,26878512.122044,33085578266.120753,33085578266.120753,1,0
2022-11-15 00:00:00,1245.49,1288.25,1210.41,1264.29,19916680.394214,24905126370.610106,24905126370.610106,1,0
2022-11-16 00:00:00,1264.29,1300.37,190,1193.18,86199675.429674,55815997889.394416,55815997889.394416,1,0
2022-11-17 00:00:00,1192.71,1274.64,1184.65,1193.31,18477614.58129,22277741993.31936,22277741993.31936,1,0
2022-11-18 00:00:00,1193.11,1271.68,1179.99,1211.1,15402450.510175,18672385834.430429,18672385834.430429,1,0
2022-11-19 00:00:00,1211.14,1262.4,1149.85,1209.82,10390027.360096,12547900994.090073,12547900994.090073,1,0
2022-11-20 00:00:00,1209.75,1281.8,1152.47,1177.54,15443669.686362,18466199052.78729,18466199052.78729,1,0
2022-11-21 00:00:00,1177.3,1188.14,1106.19,1130.72,32898208.367719,37407065054.40545,37407065054.40545,1,0
2022-11-22 00:00:00,1130.8,1141.93,1075.29,1134.96,37379106.119292,41205990205.434686,41205990205.434686,1,0
2022-11-23 00:00:00,1135.22,1180.56,1115.36,1161.07,23733929.240049,27247068103.417217,27247068103.417217,1,0
2022-11-24 00:00:00,1161.24,1256.5,1150,1195.31,19483211.363116,23118227711.949116,23118227711.949116,1,0
2022-11-25 00:00:00,1195.39,1208.06,1171.69,1189.62,15933297.870722,18979981692.465316,18979981692.465316,1,0
2022-11-26 00:00:00,1189.6,1233.33,1182.77,1211,13575987.448958,16441807105.870953,16441807105.870953,1,0
2022-11-27 00:00:00,1211,1223.09,1196.38,1217.97,9678921.46737,11734868988.962708,11734868988.962708,1,0
2022-11-28 00:00:00,1218.14,1220.61,1155.6,1163.5,16893648.62781,19959146774.065198,19959146774.065198,1,0
2022-11-29 00:00:00,1163.51,1222,1140,1209.23,18457411.848739,21962376598.112514,21962376598.112514,1,0
2022-11-30 00:00:00,1208.96,1283.35,1203.22,1267.51,17535137.651268,21970727530.558007,21970727530.558007,1,0
2022-12-01 00:00:00,1267.51,1354,1230,1271.58,19181187.434969,24617143529.523655,24617143529.523655,1,0
2022-12-02 00:00:00,1271.59,1296.81,1265.55,1278.87,13722102.702393,17524926626.574772,17524926626.574772,1,0
2022-12-03 00:00:00,1278.85,1342,1249,1271.12,9988265.962325,12803038608.393347,12803038608.393347,1,0
2022-12-04 00:00:00,1271.13,1271.72,1236.37,1260.09,9016988.741802,11332634191.494681,11332634191.494681,1,0
2022-12-05 00:00:00,1260.12,1304.84,1256.79,1266.6,13920741.688586,17875804116.905684,17875804116.905684,1,0
2022-12-06 00:00:00,1266.55,1270.03,1243.88,1254.46,11544359.971882,14527064079.525648,14527064079.525648,1,0
2022-12-07 00:00:00,1254.43,1277.7,1219.62,1233.6,17166319.431468,21374279822.346277,21374279822.346277,1,0
2022-12-08 00:00:00,1233.59,1253.4,1222.32,1250.14,8827183.256453,10867500045.526932,10867500045.526932,1,0
2022-12-09 00:00:00,1250.07,1296.11,1248.95,1277.74,6682354.622859,8544274014.233744,8544274014.233744,1,0
2022-12-10 00:00:00,1277.71,1279.35,1256.18,1278.19,7000360.057538,8871082830.245365,8871082830.245365,1,0
2022-12-11 00:00:00,1278.2,1283.65,1262.29,1273.54,5081538.949975,6464084891.665457,6464084891.665457,1,0
2022-12-12 00:00:00,1273.42,1284.89,1240.74,1249.01,12275349.226486,15400040109.266485,15400040109.266485,1,0
2022-12-13 00:00:00,1249.01,1345.91,1248.51,1323.96,20493296.763397,26526785284.602674,26526785284.602674,1,0
2022-12-14 00:00:00,1323.95,1344.02,1305.51,1338.08,11008198.159329,14579049309.026756,14579049309.026756,1,0
2022-12-15 00:00:00,1338.03,1352,1263.78,1270.52,25514343.796737,33333047275.166809,33333047275.166809,1,0
2022-12-16 00:00:00,1270.43,1279.5,1189.64,1203.7,7456155.189722,9297072051.907027,9297072051.907027,1,0
2022-12-17 00:00:00,1203.4,1211.3,1155.72,1179.85,22816905.001362,26944088944.785558,26944088944.785558,1,0
2022-12-18 00:00:00,1179.85,1179.85,1179.85,1179.85,0,0,0,1,0
2022-12-19 00:00:00,1186.35,1244.75,1077.09,1179.78,169079.404289,198997019.528023,198997019.528023,1,0
2022-12-20 00:00:00,1179.63,1229.05,1151,1217.44,9945697.324228,12008270469.752343,12008270469.752343,1,0
2022-12-21 00:00:00,1217.21,1221.7,1204.01,1215.62,9578826.36647,11618110682.686366,11618110682.686366,1,0
2022-12-22 00:00:00,1215.49,1221.24,1184.75,1186.71,8046960.577139,9715173276.310315,9715173276.310315,1,0
2022-12-23 00:00:00,1186.64,1237,1183.26,1219.32,12038160.452746,14622632940.263986,14622632940.263986,1,0
2022-12-24 00:00:00,1219.16,1222.45,1214.77,1219.04,3197655.295331,3896591117.808256,3896591117.808256,1,0
2022-12-25 00:00:00,1219,1227.72,1191.94,1211.13,4356185.567051,5290275717.313142,5290275717.313142,1,0
2022-12-26 00:00:00,1211.07,1224.13,1195.73,1215.55,5725477.124781,6956154445.71768,6956154445.71768,1,0
2022-12-27 00:00:00,1214.91,1233.61,1206.54,1211.57,6837219.745298,8338043891.557253,8338043891.557253,1,0
2022-12-28 00:00:00,1210.98,1215.56,1186.22,1189.34,9075842.278629,10896062928.721681,10896062928.721681,1,0
2022-12-29 00:00:00,1189.05,1206.18,1182.16,1201.1,7813505.88733,9329577698.290272,9329577698.290272,1,0
2022-12-30 00:00:00,1201.14,1204.31,1185,1195.32,6333687.371747,7572347872.530788,7572347872.530788,1,0
2022-12-31 00:00:00,1195.3,1208.57,1192.05,1203.22,3790860.987637,4541245654.571185,4541245654.571185,1,0
2023-01-01 00:00:00,1203.08,1205.44,1191.65,1196.86,2812138.051038,3365482467.206129,3365482467.206129,1,0
2023-01-02 00:00:00,1196.7,1600,1193.05,1218.84,122395344.231052,157309407767.390392,157309407767.390392,1,0
2023-01-03 00:00:00,1218.84,1222.85,1206.66,1211.91,4553447.792133,5532740117.433221,5532740117.433221,1,0
2023-01-04 00:00:00,1211.89,1261.26,1205.35,1255.78,7445132.1818,9202221772.676772,9202221772.676772,1,0
2023-01-05 00:00:00,1255.86,1271.92,1243.02,1249.44,7039838.26013,8828669391.728341,8828669391.728341,1,0
2023-01-06 00:00:00,1249.12,1264.91,1236.49,1262.93,5895172.870298,7365905344.422683,7365905344.422683,1,0
2023-01-07 00:00:00,1263,1276.48,1260.31,1265.05,4365245.673916,5530974711.263857,5530974711.263857,1,0
2023-01-08 00:00:00,1265.06,1275.38,1257.81,1274.45,2591020.891859,3275564705.694006,3275564705.694006,1,0
2023-01-09 00:00:00,1274.45,1341.67,1262.01,1335.73,12850562.403929,16736424601.15921,16736424601.15921,1,0
2023-01-10 00:00:00,1335.62,1344.62,1315.56,1333.73,10445263.180491,13890857772.516485,13890857772.516485,1,0
2023-01-11 00:00:00,1334,1401,1289.78,1323.14,9200040.953912,12280011719.181225,12280011719.181225,1,0
2023-01-12 00:00:00,1323.14,1416.39,1320.8,1386.32,14388432.915288,19858915312.877864,19858915312.877864,1,0
2023-01-13 00:00:00,1385.58,1437.7,1383.13,1421.69,16078849.52057,22759751692.301509,22759751692.301509,1,0
2023-01-14 00:00:00,1421.62,1630,1407.01,1525.72,33834763.519054,51155960778.553542,51155960778.553542,1,0
2023-01-15 00:00:00,1525.45,1559.86,1516.43,1556.23,12403774.561247,19003231017.133237,19003231017.133237,1,0
2023-01-16 00:00:00,1556.23,1584.14,1521.73,1549.53,20936611.833677,32442018110.059416,32442018110.059416,1,0
2023-01-17 00:00:00,1549.57,1606.88,1540.63,1571.67,20848479.297329,32781385154.493726,32781385154.493726,1,0
2023-01-18 00:00:00,1571.51,1608.33,1533.04,1550,15535338.768647,24525335803.609487,24525335803.609487,1,0
2023-01-19 00:00:00,1550.09,1566.22,1500,1533.04,31081014.380835,47574134109.010277,47574134109.010277,1,0
2023-01-20 00:00:00,1533.04,1569.16,1523.24,1563.19,12531069.070495,19418966644.044849,19418966644.044849,1,0
2023-01-21 00:00:00,1563.27,1679.53,1560,1647.3,22727934.615751,37165263949.254035,37165263949.254035,1,0
2023-01-22 00:00:00,1647.3,1668.27,1603.6,1635.43,15963072.980625,26140741236.656401,26140741236.656401,1,0
2023-01-23 00:00:00,1635.46,1663.86,1585.07,1620.97,17125696.664397,27890602895.3889,27890602895.3889,1,0
2023-01-24 00:00:00,1620.74,1641.3,1595,1620.34,7080678.223815,11514008477.664108,11514008477.664108,1,0
2023-01-25 00:00:00,1620.35,1624.38,1515.08,1543.77,5795413.473432,9059310132.154113,9059310132.154113,1,0
2023-01-26 00:00:00,1543.95,1639.99,1540.9,1590.28,6877499.750825,10990256090.965152,10990256090.965152,1,0
2023-01-27 00:00:00,1589.51,1610.78,1552.96,1583.59,10809536.855815,17124698718.484913,17124698718.484913,1,0
2023-01-28 00:00:00,1583.59,1621.28,1563.02,1578.47,12125865.572746,19254405101.363031,19254405101.363031,1,0
2023-01-29 00:00:00,1578.42,1651.87,1556.48,1612,11199322.911779,17879426052.994874,17879426052.994874,1,0
2023-01-30 00:00:00,1611.42,1684,1568.02,1584.56,16515807.437244,26653681778.788042,26653681778.788042,1,0
2023-01-31 00:00:00,1584.61,1620.24,1532.91,1588.98,13037229.090982,20412751849.543695,20412751849.543695,1,0
2023-02-01 00:00:00,1588.98,1605.24,1564.08,1575.64,11409741.648565,18054248813.378895,18054248813.378895,1,0
2023-02-02 00:00:00,1575.49,1695.91,1557.39,1678.63,14953013.896825,24430247206.168521,24430247206.168521,1,0
2023-02-03 00:00:00,1678,1717.31,1623.58,1663.57,12607118.753959,20782473481.171045,20782473481.171045,1,0
2023-02-04 00:00:00,1663.61,1695.28,1640,1679.78,8970703.650398,14884719138.135517,14884719138.135517,1,0
2023-02-05 00:00:00,1680.48,1687.28,1620,1645.07,202719.324086,337673590.097766,337673590.097766,1,0
2023-02-06 00:00:00,1644.87,1648.79,1609.19,1647.26,7889477.978157,12835065359.339383,12835065359.339383,1,0
2023-02-07 00:00:00,1648.84,1713.33,1590,1631.04,8060701.928891,13198082255.960898,13198082255.960898,1,0
2023-02-08 00:00:00,1630.99,1697.45,1624.34,1653.85,20795743.163278,34533632656.763254,34533632656.763254,1,0
2023-02-09 00:00:00,1653,1659.99,1399.99,1632.3,11403716.330993,18597473180.815658,18597473180.815658,1,0
2023-02-10 00:00:00,1632.33,1633.78,1504.67,1522.62,24039151.667063,37590746857.314105,37590746857.314105,1,0
2023-02-11 00:00:00,1522.62,1538.76,1487.91,1522.32,3760266.237768,5731527413.584466,5731527413.584466,1,0
2023-02-12 00:00:00,1523.29,1543.11,1507.12,1535.91,201656.975666,308892773.971208,308892773.971208,1,0
2023-02-13 00:00:00,1536.35,1548,1399.99,1476.08,9640998.300385,14354908874.793826,14354908874.793826,1,0
2023-02-14 00:00:00,1476.08,1563.93,1460,1544.65,23478875.960063,35382842175.189794,35382842175.189794,1,0
2023-02-15 00:00:00,1544.66,1590.7,1533.97,1579.43,18051050.910251,28140744597.088292,28140744597.088292,1,0
2023-02-16 00:00:00,1579.42,1730,1573.11,1725.32,23551514.218656,39135720305.214159,39135720305.214159,1,0
2023-02-17 00:00:00,1723.71,1741.79,1631.95,1673.24,15102945.447101,25169748513.610992,25169748513.610992,1,0
2023-02-18 00:00:00,1674.99,1721.03,1662.48,1695.83,654128.950637,1108433679.673113,1108433679.673113,1,0
2023-02-19 00:00:00,1695.55,1721.7,1680,1711.8,406620.720529,692102863.105984,692102863.105984,1,0
2023-02-20 00:00:00,1711.89,1740,1651.6,1708.8,29571400.125084,50457995565.390714,50457995565.390714,1,0
2023-02-21 00:00:00,1708.79,1716,1659.24,1672.38,68540749.943223,116554780735.215049,116554780735.215049,1,0
2023-02-22 00:00:00,1672.39,1686.46,1608.17,1614.01,41009556.748401,67250552932.522539,67250552932.522539,1,0
2023-02-23 00:00:00,1614.01,1678.76,1598.18,1655.63,16332842.758771,26643967144.897364,26643967144.897364,1,0
2023-02-24 00:00:00,1655.42,1663.71,1600.41,1603.47,13689521.659538,22349879706.984291,22349879706.984291,1,0
2023-02-25 00:00:00,1603.21,1622.36,1575.29,1597.01,21673087.880526,34635080625.044531,34635080625.044531,1,0
2023-02-26 00:00:00,1597.01,1613.2,1557.95,1605.18,12672077.368844,20155475358.777381,20155475358.777381,1,0
2023-02-27 00:00:00,1605.15,1664.77,1598.56,1644.4,17613150.561003,28895041717.247967,28895041717.247967,1,0
2023-02-28 00:00:00,1644.36,1647.04,1608.29,1641.24,18417527.136328,30033591562.497819,30033591562.497819,1,0
2023-03-01 00:00:00,1641.23,1669.45,1595.58,1658.29,21144845.447437,34538559989.016246,34538559989.016246,1,0
2023-03-02 00:00:00,1657.12,1696.83,1360,1628.17,1633968.234225,2680090663.264379,2680090663.264379,1,0
2023-03-03 00:00:00,1628.34,1657.4,1522.71,1566.79,4507921.068171,7089758705.32937736,7089758705.32937736,1,0
2023-03-04 00:00:00,1566.72,1577.19,1547.47,1562.31,6138644.701171,9606755535.79640714,9606755535.79640714,1,0
2023-03-05 00:00:00,1562.2,1588.28,1549.42,1569.25,7904828.028305,12390617777.51740023,12390617777.51740023,1,0
2023-03-06 00:00:00,1569.16,1583.1,1555.09,1577.78,8091968.926076,12668191203.44462747,12668191203.44462747,1,0
2023-03-07 00:00:00,1577.8,1600,1538.05,1561.23,5020258.910087,7872654886.07350412,7872654886.07350412,1,0
2023-03-08 00:00:00,1560.72,1570.58,1540,1560.48,11078256.475153,17234571002.02858019,17234571002.02858019,1,0
2023-03-09 00:00:00,1560.49,1565,1488.38,1534.05,7237429.323658,11156490688.39102786,11156490688.39102786,1,0
2023-03-10 00:00:00,1534.04,1537.95,1371.1,1417.18,56817958.141143,80689675281.43151222,80689675281.43151222,1,0
2023-03-11 00:00:00,1416.88,1475.54,1400.51,1427.88,56276837.210644,80648072688.52662721,80648072688.52662721,1,0
2023-03-12 00:00:00,1427.82,1477.7,1422.37,1456.26,26615657.242894,38748209225.78528933,38748209225.78528933,1,0
2023-03-13 00:00:00,1456.22,1697.97,1454.29,1666.7,47123881.794744,73946038363.69424424,73946038363.69424424,1,0
2023-03-14 00:00:00,1666.77,2344,1645,1770,24613243.395391,41402621944.98091389,41402621944.98091389,1,0
2023-03-15 00:00:00,1770,21575.9,1692.91,1992,76642673.332307,281068048944.53867576,281068048944.53867576,1,0
2023-03-16 00:00:00,1992,1992.05,1636.21,1662.72,176186112.299348,342449732987.58728389,342449732987.58728389,1,0
2023-03-17 00:00:00,1662.72,1800,1652.71,1717.24,52209938.242771,89218658504.87150217,89218658504.87150217,1,0
2023-03-18 00:00:00,1717.24,1842.32,1709.71,1786.48,80598135.196843,143896962975.52716528,143896962975.52716528,1,0
2023-03-19 00:00:00,1786.48,1812.42,1751.26,1794.56,47854227.934576,85187833818.06197732,85187833818.06197732,1,0
2023-03-20 00:00:00,1794.56,1840.85,1737.05,1763.19,63009223.568096,112531895536.70216687,112531895536.70216687,1,0
2023-03-21 00:00:00,1763.15,1840,1686.51,1812.33,50604562.961025,89573064461.13081565,89573064461.13081565,1,0
2023-03-22 00:00:00,1812.33,1825.7,1774.6,1805.91,54018837.603792,97092717923.90827032,97092717923.90827032,1,0
2023-03-23 00:00:00,1805.91,1857.21,1711.33,1837.2,43718916.070971,77487048834.11756626,77487048834.11756626,1,0
2023-03-24 00:00:00,1837.13,1840.83,1724.51,1767.07,42703962.925907,76710854397.53447023,76710854397.53447023,1,0
2023-03-25 00:00:00,1766.95,1769.72,1726.41,1754.87,35238827.766652,61657083483.07150641,61657083483.07150641,1,0
2023-03-26 00:00:00,1754.84,1801.26,1713.8,1762.92,28637338.224577,50232385152.94305318,50232385152.94305318,1,0
2023-03-27 00:00:00,1762.86,1782.64,1688.59,1711.57,32987917.143606,57812108920.87089212,57812108920.87089212,1,0
2023-03-28 00:00:00,1711.6,1801.77,1617.46,1714.85,23729786.585261,40693368308.61797064,40693368308.61797064,1,0
2023-03-29 00:00:00,1714.85,1900,1619,1705.17,426197.13193,747582927.40835377,747582927.40835377,1,0
2023-03-30 00:00:00,1705.17,1882,1580,1789.19,6274249.727426,11253567430.83351005,11253567430.83351005,1,0
2023-03-31 00:00:00,1789.02,1869.99,1735,1771.08,6620622.217533,11848187610.71221487,11848187610.71221487,1,0
2023-04-01 00:00:00,1771.08,1878.65,1680,1770,127726.549515,226292430.4722906,226292430.4722906,1,0
2023-04-02 00:00:00,1770,1873.33,1680,1797.62,2481961.680988,4480197686.16854096,4480197686.16854096,1,0
2023-04-03 00:00:00,1797.53,1823.33,1763.04,1796.84,9188725.400795,16486159773.3869433,16486159773.3869433,1,0
2023-04-04 00:00:00,1797,1891.72,1768.95,1862.5,12892595.080169,23514802151.567591,23514802151.567591,1,0
2023-04-05 00:00:00,1862.5,1949.99,1857.15,1897,9573769.660327,18163783001.22849295,18163783001.22849295,1,0
2023-04-06 00:00:00,1897.05,1918.05,1855.19,1874.58,9272188.536654,17494354043.22890758,17494354043.22890758,1,0
2023-04-07 00:00:00,1874.76,1900,1841.68,1860.4,6510873.598678,12127419075.92611014,12127419075.92611014,1,0
2023-04-08 00:00:00,1860.4,1880.12,1851.21,1867.14,3683822.96234,6866649205.90724704,6866649205.90724704,1,0
2023-04-09 00:00:00,1867.14,1869.85,1823.54,1837.1,3968108.276026,7317447989.15396631,7317447989.15396631,1,0
2023-04-10 00:00:00,1837.02,1873.32,1835.99,1861,6051259.658085,11238097675.30322219,11238097675.30322219,1,0
2023-04-11 00:00:00,1861,1936.17,1857.52,1913.68,10479290.092094,19993916477.78062485,19993916477.78062485,1,0
2023-04-12 00:00:00,1913.56,1932,1848.23,1911.98,9974918.007498,18868579182.09697646,18868579182.09697646,1,0
2023-04-13 00:00:00,1912,2008.48,1894.61,1996.97,11907791.779388,23132502467.96805701,23132502467.96805701,1,0
2023-04-14 00:00:00,1996.96,2188.13,1991.16,2058.75,6735986.000477,14055267147.4414991,14055267147.4414991,1,0
2023-04-15 00:00:00,2058.46,2121.32,2046.27,2097.99,7954162.306133,16614261172.81007146,16614261172.81007146,1,0
2023-04-16 00:00:00,2098,2108.33,2072.64,2093.81,5505598.137855,11515896022.26425701,11515896022.26425701,1,0
2023-04-17 00:00:00,2093.82,2162,2050,2071.4,9409960.335119,19713310286.12522642,19713310286.12522642,1,0
2023-04-18 00:00:00,2071.41,2123.5,2052.48,2095.73,6015891.459315,12557449589.19605915,12557449589.19605915,1,0
2023-04-19 00:00:00,2095.73,2107.67,1945.72,1982.86,9497920.564228,19424754373.60023487,19424754373.60023487,1,0
2023-04-20 00:00:00,1982.86,2674,1711.68,1993.75,312378.084353,591264681.37698651,591264681.37698651,1,0
2023-04-21 00:00:00,1981.25,2020,1801,1903.88,6800419.4797,13027568982.57406528,13027568982.57406528,1,0
2023-04-22 00:00:00,1903.88,1908.71,1828.47,1867.11,11312711.82052,21062853914.28755008,21062853914.28755008,1,0
2023-04-23 00:00:00,1867.11,1930.02,1850.3,1859.54,7432286.51993,13895578509.2158605,13895578509.2158605,1,0
2023-04-24 00:00:00,1859.53,1888.77,1819.49,1834.25,12320490.531809,22852431486.69241649,22852431486.69241649,1,0
2023-04-25 00:00:00,1834.25,1850.54,1800,1814.91,8187148.125746,14973103757.49595849,14973103757.49595849,1,0
2023-04-26 00:00:00,1814.91,1963.76,1812.57,1953.6,11544604.458574,21781496668.88236856,21781496668.88236856,1,0
2023-04-27 00:00:00,1953.72,1958.37,1783.83,1900.11,18387761.796306,34710502986.45485829,34710502986.45485829,1,0
2023-04-28 00:00:00,1900.11,1937.45,1875.44,1886.67,12178141.758773,23214073088.25283513,23214073088.25283513,1,0
2023-04-29 00:00:00,1886.68,1917.24,1883.17,1905.38,6204533.694377,11765136903.84124173,11765136903.84124173,1,0
2023-04-30 00:00:00,1905.41,1938.83,1883.37,1919.95,5461626.660251,10417860608.8154293,10417860608.8154293,1,0
2023-05-01 00:00:00,1919.59,1934.1,1824.18,1833.37,9705548.954749,18132356515.34190817,18132356515.34190817,1,0
2023-05-02 00:00:00,1833.37,1867.75,1807.38,1858.39,10351773.487275,18976067539.09122237,18976067539.09122237,1,0
2023-05-03 00:00:00,1858.3,1879.99,1842.82,1853.28,9230245.869907,17183756393.0547172,17183756393.0547172,1,0
2023-05-04 00:00:00,1853.28,1918.39,1850.81,1886.41,12134816.040332,22930194523.84924788,22930194523.84924788,1,0
2023-05-05 00:00:00,1886.01,1963.75,1866.67,1953.24,10519621.224674,20005862139.49219306,20005862139.49219306,1,0
2023-05-06 00:00:00,1953.19,2040,1856.17,1877.71,11031840.796719,21546226317.438304,21546226317.438304,1,0
2023-05-07 00:00:00,1877.73,1933.17,1876.18,1917.18,8293428.15961,15768109201.82052669,15768109201.82052669,1,0
2023-05-08 00:00:00,1917.19,1923.52,1835.49,1864.86,10499185.873208,19662359492.13652607,19662359492.13652607,1,0
2023-05-09 00:00:00,1864.83,1867.11,1810.84,1839.72,9048228.794179,16666443606.56368662,16666443606.56368662,1,0
2023-05-10 00:00:00,1839.54,1887.06,1826.66,1872.55,5954100.462623,11050858255.2436018,11050858255.2436018,1,0
2023-05-11 00:00:00,1872.54,1930,1749.28,1807.94,10993778.972765,20093536062.43466912,20093536062.43466912,1,0
2023-05-12 00:00:00,1807.57,1810.37,1738.21,1765.59,11551290.885369,20520480340.17127952,20520480340.17127952,1,0
2023-05-13 00:00:00,1765.57,1816.62,1742.3,1796.02,7810737.219184,14001688126.52644933,14001688126.52644933,1,0
2023-05-14 00:00:00,1795.98,1823.65,1786.05,1819.13,6283365.990601,11319497491.03597202,11319497491.03597202,1,0
2023-05-15 00:00:00,1819.12,1835.64,1786.01,1827.85,8253063.229008,14982556503.5696411,14982556503.5696411,1,0
2023-05-16 00:00:00,1827.82,1848.47,1796.46,1820.06,7547034.159712,13730867754.72032385,13730867754.72032385,1,0
2023-05-17 00:00:00,1820.06,1837,1784.02,1797.52,8141975.584674,14748477258.9676629,14748477258.9676629,1,0
2023-05-18 00:00:00,1797.51,1839.99,1794.67,1807.98,7694320.738957,14004020930.31760078,14004020930.31760078,1,0
2023-05-19 00:00:00,1807.98,1820.6,1772.24,1806.29,5813180.545361,10460543049.45242744,10460543049.45242744,1,0
2023-05-20 00:00:00,1806.29,1822.38,1806.29,1817.15,1125908.674861,2041845450.12873354,2041845450.12873354,1,0
2023-05-21 00:00:00,1817.19,1830,1802.59,1807.34,1467138.146737,2665321872.78234936,2665321872.78234936,1,0
2023-05-22 00:00:00,1807.34,1828.02,1791.98,1816.43,2414567.538061,4369101182.35595039,4369101182.35595039,1,0
2023-05-23 00:00:00,1816.42,1874.23,1813.01,1856.99,2558902.336162,4720406617.47153121,4720406617.47153121,1,0
2023-05-24 00:00:00,1857.05,1857.67,1777.5,1793.11,2846816.587716,5170526017.73902849,5170526017.73902849,1,0
2023-05-25 00:00:00,1793.12,1809.07,1760.03,1791.48,2696353.947609,4829172262.17583815,4829172262.17583815,1,0
2023-05-26 00:00:00,1791.33,1837.81,1791.25,1830.58,2122281.363973,3847233346.80956969,3847233346.80956969,1,0
2023-05-27 00:00:00,1830.54,1837.48,1812.41,1823.65,1085028.304742,1984699251.74574806,1984699251.74574806,1,0
2023-05-28 00:00:00,1823.68,1859.59,1817.28,1843.99,1145521.689989,2109233367.20250607,2109233367.20250607,1,0
2023-05-29 00:00:00,1843.99,1931.51,1839.38,1889.63,4465650.069476,8463670866.35894442,8463670866.35894442,1,0
2023-05-30 00:00:00,1889.58,1916.78,1874.83,1900.58,6331466.768148,12020996699.62869819,12020996699.62869819,1,0
2023-05-31 00:00:00,1900.58,1914.91,1845,1858.17,5124510.042121,9637341465.0231078,9637341465.0231078,1,0
2023-06-01 00:00:00,1857.8,1888.87,1839.34,1863.46,5556450.848022,10353703156.08511981,10353703156.08511981,1,0
2023-06-02 00:00:00,1863.57,1898.55,1850,1891.95,8065771.723518,15155457268.31162386,15155457268.31162386,1,0
2023-06-03 00:00:00,1891.95,1910.29,1886.9,1903.24,3701131.121311,7036410214.9413722,7036410214.9413722,1,0
2023-06-04 00:00:00,1903.24,1922.73,1883.7,1901.49,3703974.054485,7025156517.45696454,7025156517.45696454,1,0
2023-06-05 00:00:00,1901.55,1911.62,1813.68,1822.38,7418296.79627,13918226005.32530611,13918226005.32530611,1,0
2023-06-06 00:00:00,1822.39,1845.11,1778.46,1842.09,9455614.715547,17133479028.2931633,17133479028.2931633,1,0
2023-06-07 00:00:00,1842.06,1898.08,1835.64,1839.02,9336515.715051,17436882159.14517009,17436882159.14517009,1,0
2023-06-08 00:00:00,1839.02,1861.01,1821.14,1855.84,5852896.243124,10777012634.84882602,10777012634.84882602,1,0
2023-06-09 00:00:00,1855.84,1856.35,1825,1842.12,4208384.964164,7765360527.23300186,7765360527.23300186,1,0
2023-06-10 00:00:00,1842.03,1845.31,1717.51,1737.7,9908239.26184,17629241636.43564564,17629241636.43564564,1,0
2023-06-11 00:00:00,1737.7,1772.9,1725.36,1741.26,8475255.446672,14803774896.56953795,14803774896.56953795,1,0
2023-06-12 00:00:00,1741.28,1802.37,1721.72,1732.07,8106715.127906,14161319770.58466422,14161319770.58466422,1,0
2023-06-13 00:00:00,1732.07,1765.62,1725.34,1730.42,10269693.744538,17896635502.69378414,17896635502.69378414,1,0
2023-06-14 00:00:00,1730.42,1750.88,1729.44,1741.11,4703110.755222,8190616721.70250589,8190616721.70250589,1,0
2023-06-15 00:00:00,1741.1,1747.36,1603.82,1642.27,12000676.774252,20039116363.36424228,20039116363.36424228,1,0
2023-06-16 00:00:00,1642.27,1686.65,1634.92,1682.25,7018547.903812,11674527928.76573976,11674527928.76573976,1,0
2023-06-17 00:00:00,1682.23,1775.89,1677.73,1727.97,6307797.528972,10866992105.76713048,10866992105.76713048,1,0
2023-06-18 00:00:00,1728.03,1742.27,1721.06,1738.11,4208846.711247,7282133034.58651401,7282133034.58651401,1,0
2023-06-19 00:00:00,1738.11,1747.68,1713.02,1721.67,4790062.762517,8277232511.97927101,8277232511.97927101,1,0
2023-06-20 00:00:00,1721.67,1751.48,1701.33,1732.36,7093202.034038,12262279568.88623275,12262279568.88623275,1,0
2023-06-21 00:00:00,1732.45,1857.77,1728.35,1850.21,11119465.624633,20017969159.70940673,20017969159.70940673,1,0
2023-06-22 00:00:00,1850.2,1933.32,1846.76,1877.28,10320322.434577,19523151591.44433635,19523151591.44433635,1,0
2023-06-23 00:00:00,1877.28,1922.21,1862.42,1917.72,6193304.078931,11655137392.01918602,11655137392.01918602,1,0
2023-06-24 00:00:00,1917.75,1935.91,1869,1874.23,7752379.602743,14715187207.14770652,14715187207.14770652,1,0
2023-06-25 00:00:00,1874.23,1929.46,1864.74,1886.42,8548300.030221,16218200289.31728901,16218200289.31728901,1,0
2023-06-26 00:00:00,1886.33,1908.91,1859.99,1889.45,8389277.803752,15839995237.59204334,15839995237.59204334,1,0
2023-06-27 00:00:00,1889.44,1910,1839.1,1871.35,9802230.317917,18320508967.37636945,18320508967.37636945,1,0
2023-06-28 00:00:00,1871.33,1912.44,1845.63,1859.79,10882189.233412,20362880165.31079268,20362880165.31079268,1,0
2023-06-29 00:00:00,1859.79,1874.11,1796.31,1851.95,6530946.525694,12028920167.14580352,12028920167.14580352,1,0
2023-06-30 00:00:00,1851.96,1915,1780.96,1852.26,7495294.785633,14060512082.29351326,14060512082.29351326,1,0
2023-07-01 00:00:00,1852.29,1980,1846.6,1922.49,245902.602527,469950116.25847393,469950116.25847393,1,0
2023-07-02 00:00:00,1922.48,2638.83,1900,2638.83,36067.129785,71649987.40157288,71649987.40157288,1,0
2023-07-03 00:00:00,2638.83,17999,1935.5,1968.13,4238130.378067,8536077947.62986217,8536077947.62986217,1,0
2023-07-04 00:00:00,1968.13,1974.89,1946.83,1954.41,7166851.429777,14038863338.48127998,14038863338.48127998,1,0
2023-07-05 00:00:00,1954.41,1964.72,1895,1902.85,36296581.09588,70334782171.93356353,70334782171.93356353,1,0
2023-07-06 00:00:00,1902.8,1957.85,1839.89,1888.52,15487923.727642,29540375822.5338901,29540375822.5338901,1,0
2023-07-07 00:00:00,1888.22,1894.19,1781.01,1872.07,10436896.416088,19463545574.05078242,19463545574.05078242,1,0
2023-07-08 00:00:00,1872.16,1875.05,1852.36,1859.46,4739206.192455,8835471228.57864247,8835471228.57864247,1,0
2023-07-09 00:00:00,1859.46,1879.36,1843.18,1878,9433545.738594,17578211494.56943508,17578211494.56943508,1,0
2023-07-10 00:00:00,1878,1957.85,4.76,1871.07,23054916.084276,39055344631.52905863,39055344631.52905863,1,0
2023-07-11 00:00:00,1871.01,1988.44,1500,1871.65,7715301.098226,14484774461.74028066,14484774461.74028066,1,0
2023-07-12 00:00:00,1871.66,1990.39,1750,1883.8,9004241.55654,16977820066.07463143,16977820066.07463143,1,0
2023-07-13 00:00:00,1883.8,1947.4,1800,1930.06,8208800.297988,15495841600.42299982,15495841600.42299982,1,0
2023-07-14 00:00:00,1929.91,2047.05,1896,1998.34,6771411.726842,13327089984.66730137,13327089984.66730137,1,0
2023-07-15 00:00:00,1998.34,2178.81,1893.5,1921.17,8235604.447531,15944020166.17788013,15944020166.17788013,1,0
2023-07-16 00:00:00,1921.08,1933.62,1919,1921.07,1424577.160868,2736830875.48794079,2736830875.48794079,1,0
2023-07-17 00:00:00,1921.07,1935.87,1892.46,1908.5,2843280.930087,5448600220.27613479,5448600220.27613479,1,0
2023-07-18 00:00:00,1908.54,1920.2,1873.23,1897.33,8206448.610272,15579689575.54633521,15579689575.54633521,1,0
2023-07-19 00:00:00,1897.33,2000.14,1883.27,1906.54,11055723.030775,21118157697.46591006,21118157697.46591006,1,0
2023-07-20 00:00:00,1906.54,3430,1881.81,1888.61,8910298.638054,17005227073.14634462,17005227073.14634462,1,0
2023-07-21 00:00:00,1888.61,1988.44,1878.59,1891.35,29157959.068195,55173228301.10355511,55173228301.10355511,1,0
2023-07-22 00:00:00,1891.35,1988.57,1335.56,1888.7,4618806.32239,8749663838.7819139,8749663838.7819139,1,0
2023-07-23 00:00:00,1888.7,1940.49,1853.78,1890,6981644.154914,13170563764.8622293,13170563764.8622293,1,0
2023-07-24 00:00:00,1890,1920.13,1700.67,1843.39,60154447.704556,113092724527.152936,113092724527.152936,1,0
2023-07-25 00:00:00,1843.39,2592.66,1800,1857.97,63844245.199808,122778773829.37827599,122778773829.37827599,1,0
2023-07-26 00:00:00,1857.97,2300.26,1610,1860.73,2369049.079979,4504618277.8609044,4504618277.8609044,1,0
2023-07-27 00:00:00,1860.73,1951.32,1585.19,1865,5006178.727931,9376122647.05249581,9376122647.05249581,1,0
2023-07-28 00:00:00,1860.52,1881.4,1760,1875.31,39865357.922774,74176893261.58869192,74176893261.58869192,1,0
2023-07-29 00:00:00,1875.31,1960.17,1852.36,1872.69,2295187.167118,4327665965.49905007,4327665965.49905007,1,0
2023-07-30 00:00:00,1872.69,165000000,1870,1876.37,8155942.931291,5397280005106.00757892,5397280005106.00757892,1,0
2023-07-31 00:00:00,1876.38,3940,1370,1900,46954398.46743,105923979366.99987138,105923979366.99987138,1,0
2023-08-01 00:00:00,1901.06,3450.16,1633.3,1834.5,14139710183.515696,26188870154776.0004768,26188870154776.0004768,1,0
2023-08-02 00:00:00,1834.86,1890.42,1760,1842.66,72074418.326781,133938645475.43591208,133938645475.43591208,1,0
2023-08-03 00:00:00,1842.65,8620,1400,1840.53,11049732105.407311,20343800790277.29518727,20343800790277.29518727,1,0
2023-08-04 00:00:00,1840.52,3020.01,1759.82,1847.25,387688950.993765,977178576765.52509924,977178576765.52509924,1,0
2023-08-05 00:00:00,1847.25,1848.49,1817.81,1833.8,10432234.550501,19112634011.09135491,19112634011.09135491,1,0
2023-08-06 00:00:00,1833.79,1838.54,1826.14,1829.42,5137724.831881,9417169856.72428697,9417169856.72428697,1,0
2023-08-07 00:00:00,1829.42,2070.76,1740,1818.52,1016691181.308768,1866589657318.72306768,1866589657318.72306768,1,0
2023-08-08 00:00:00,1818.52,1940.87,1804.01,1843.04,2018490632.579588,3689569362339.01307321,3689569362339.01307321,1,0
2023-08-09 00:00:00,1843.08,1960.86,600,1853.23,40759361.151367,74624763015.39030313,74624763015.39030313,1,0
2023-08-10 00:00:00,1853.23,1910.02,1839.89,1853.79,12764324.006472,23669836455.79549001,23669836455.79549001,1,0
2023-08-11 00:00:00,1853.8,1880.28,110,1845.9,1109519411.906176,2043483258683.23080019,2043483258683.23080019,1,0
2023-08-12 00:00:00,1845.9,2391.64,1838.81,1852.15,42006944232.713946,77676391276037.33389624,77676391276037.33389624,1,0
2023-08-13 00:00:00,1852.62,2340,1810,1848.25,49020614.455956,105788689251.99236039,105788689251.99236039,1,0
2023-08-14 00:00:00,1848.25,1900.35,1788.95,1853.6,39371547.656693,72619210172.97368191,72619210172.97368191,1,0
2023-08-15 00:00:00,1853.6,1855.84,1837.93,1840.8,10289577.55918,18953927067.69096655,18953927067.69096655,1,0
2023-08-16 00:00:00,1840.8,1843.02,1819.44,1820.63,189294778.823752,345686515900.49611735,345686515900.49611735,1,0
2023-08-17 00:00:00,1820.63,1829.07,1720.66,1739.67,2797666421.854738,5041486448368.23330779,5041486448368.23330779,1,0
2023-08-18 00:00:00,1739.66,1749.99,1475.08,1660.61,1961076196.841944,3311212337843.39300493,3311212337843.39300493,1,0
2023-08-19 00:00:00,1660.61,1684.22,1644.45,1683.58,704472087.48435,1171181876166.3072095,1171181876166.3072095,1,0
2023-08-20 00:00:00,1683.73,1696.39,1661.66,1671.23,204555310.361713,343063086996.4353443,343063086996.4353443,1,0
2023-08-21 00:00:00,1671.24,1694.59,1649.39,1658.18,130983435.721023,220401750764.92732078,220401750764.92732078,1,0
2023-08-22 00:00:00,1657.85,1677,1646.42,1650.31,378374648.038288,627526816061.86891773,627526816061.86891773,1,0
2023-08-23 00:00:00,1650.01,1659.56,1583.73,1657.38,2188121478.57105,3580800641959.10642424,3580800641959.10642424,1,0
2023-08-24 00:00:00,1657.39,1700,1642.17,1643.56,1529936401.633138,2557628851575.60538965,2557628851575.60538965,1,0
2023-08-25 00:00:00,1643.39,1676.63,1635.99,1646.27,1620796975.499559,2678220679515.73831423,2678220679515.73831423,1,0
2023-08-26 00:00:00,1646.27,1655.72,1635.82,1651.66,458900952.704872,755789527959.72743189,755789527959.72743189,1,0
2023-08-27 00:00:00,1651.66,1660,1644.26,1655.52,134288829.920513,221911878492.24809458,221911878492.24809458,1,0
2023-08-28 00:00:00,1655.52,1663.44,1624.13,1648.49,788156506.577014,1299686212124.36732978,1299686212124.36732978,1,0
2023-08-29 00:00:00,1648.47,1735.6,1638.44,1716.02,859427700.011871,1433277963435.06530562,1433277963435.06530562,1,0
2023-08-30 00:00:00,1715.81,1745.54,1697.24,1703.76,1991899789.767421,3435043437485.39095597,3435043437485.39095597,1,0
2023-08-31 00:00:00,1703.76,1723.78,1677.75,1688.71,754552097.62513,1286573596991.03846434,1286573596991.03846434,1,0
2023-09-01 00:00:00,1688.71,1688.95,1622.08,1634.85,1536465882.83706,2536980054899.47206641,2536980054899.47206641,1,0
2023-09-02 00:00:00,1634.84,1645.19,1601.33,1639.17,1288991183.054854,2093128192127.60163921,2093128192127.60163921,1,0
2023-09-03 00:00:00,1639.02,1641,1628.79,1633.21,309391424.641263,505681268608.97210758,505681268608.97210758,1,0
2023-09-04 00:00:00,1633.1,1646.23,1618.8,1626.05,430990978.656174,706093243104.25433858,706093243104.25433858,1,0
2023-09-05 00:00:00,1626.2,1647.6,1610.17,1636.76,162805802.868749,265334913525.60031467,265334913525.60031467,1,0
2023-09-06 00:00:00,1636.76,1643.22,1619.7,1623.47,445755485.641779,727552548737.24858341,727552548737.24858341,1,0
2023-09-07 00:00:00,1623.36,1664.6,1611.98,1632.32,271866878.050929,443927890702.84488628,443927890702.84488628,1,0
2023-09-08 00:00:00,1632.32,1653.73,1559.66,1628.59,48726329.403034,79554117232.45489584,79554117232.45489584,1,0
2023-09-09 00:00:00,1628.6,1638.78,1624.71,1635.28,24109620.377131,39355674949.59124669,39355674949.59124669,1,0
2023-09-10 00:00:00,1635.28,1637.54,1611.55,1619.81,65656346.550194,106553313187.38851989,106553313187.38851989,1,0
2023-09-11 00:00:00,1619.71,1628.2,1549.4,1562.77,183096368.710951,292070827715.86005132,292070827715.86005132,1,0
2023-09-12 00:00:00,1562.5,1626.05,1533.16,1603.83,177854978.433595,281325498858.46323033,281325498858.46323033,1,0
2023-09-13 00:00:00,1603.83,1620.75,1581.92,1608.39,172992576.013292,276481295114.70225468,276481295114.70225468,1,0
2023-09-14 00:00:00,1608.4,1643.98,1595.82,1634.43,146841565.141012,238342762321.34868489,238342762321.34868489,1,0
2023-09-15 00:00:00,1634.74,1643.2,1611.4,1619.41,94336048.58087,153796759120.16045823,153796759120.16045823,1,0
2023-09-16 00:00:00,1619.41,1654.15,1617.52,1634.54,68194724.128867,111726600173.5456468,111726600173.5456468,1,0
2023-09-17 00:00:00,1634.47,1639.31,1619.82,1629.51,25444809.507298,41448840077.46925844,41448840077.46925844,1,0
2023-09-18 00:00:00,1629.51,1669,1605.22,1655.4,139832380.624874,229336244297.16715246,229336244297.16715246,1,0
2023-09-19 00:00:00,1655.4,1661.11,1626.62,1656.74,118808176.938314,195253535513.8170802,195253535513.8170802,1,0
2023-09-20 00:00:00,1656.83,1659.5,1618.95,1629.17,72168174.461809,118074375599.35479686,118074375599.35479686,1,0
2023-09-21 00:00:00,1629.07,1639.99,1568.02,1583.9,207600995.623567,333732324299.49093031,333732324299.49093031,1,0
2023-09-22 00:00:00,1583.78,1602.67,1577.29,1593.49,64656771.791989,102836654337.9003323,102836654337.9003323,1,0
2023-09-23 00:00:00,1593.49,1599.33,1586.84,1590.63,21612931.34293,34443404421.82243619,34443404421.82243619,1,0
2023-09-24 00:00:00,1590.63,1596.46,1588.63,1590.8,7013082.142652,11159247078.11205002,11159247078.11205002,1,0
2023-09-25 00:00:00,1590.8,1601.25,1563.1,1584.43,100526662.589152,158930254764.99287339,158930254764.99287339,1,0
2023-09-26 00:00:00,1584.51,1598.9,1580.34,1583.03,65286513.704812,103774096544.92788323,103774096544.92788323,1,0
2023-09-27 00:00:00,1583.03,1634.31,1581.95,1601.6,126425400.44952,203205074844.97075093,203205074844.97075093,1,0
2023-09-28 00:00:00,1601.71,1654.19,1584.2,1652.6,127107185.621263,206254833152.79366898,206254833152.79366898,1,0
2023-09-29 00:00:00,1652.66,1687.93,1643.56,1672.3,131647698.240188,219413358700.86991795,219413358700.86991795,1,0
2023-09-30 00:00:00,1672.34,1694.41,1657.14,1683.34,42675072.500897,71542398883.62609747,71542398883.62609747,1,0
2023-10-01 00:00:00,1683.34,1692.15,1666.54,1683.72,29487298.486363,49542831327.72838466,49542831327.72838466,1,0
2023-10-02 00:00:00,1683.72,1781.76,1668.36,1692.06,177730191.241165,305678404856.83100161,305678404856.83100161,1,0
2023-10-03 00:00:00,1692.01,1693.85,1636.37,1648.37,135853647.751568,225503752838.95637205,225503752838.95637205,1,0
2023-10-04 00:00:00,1648.38,1659.86,1620.81,1632.81,78620138.434624,129148384409.12610506,129148384409.12610506,1,0
2023-10-05 00:00:00,1632.81,1654.87,1606.51,1618.41,79564520.996738,130342559416.49399978,130342559416.49399978,1,0
2023-10-06 00:00:00,1618.4,1649.63,1608.8,1642.67,80888579.332603,131513410668.26392821,131513410668.26392821,1,0
2023-10-07 00:00:00,1642.81,1662.29,1634.46,1638.73,27929382.616185,45969849869.92563408,45969849869.92563408,1,0
2023-10-08 00:00:00,1638.73,1641.54,1616.43,1631.17,42788934.425545,69756927748.15050717,69756927748.15050717,1,0
2023-10-09 00:00:00,1631.18,1638.61,1582.88,1586.03,90650185.381676,145443007051.53466569,145443007051.53466569,1,0
2023-10-10 00:00:00,1586.02,1594.67,1545.27,1567.72,168417380.345513,264977532583.66941965,264977532583.66941965,1,0
2023-10-11 00:00:00,1567.77,1578.42,1543.93,1559.49,134845975.709926,210620832212.51970404,210620832212.51970404,1,0
2023-10-12 00:00:00,1559.49,1569.2,1537.14,1541.6,85075549.300699,132144922898.05538413,132144922898.05538413,1,0
2023-10-13 00:00:00,1541.67,1553.93,1518.34,1539.91,77337351.485101,118892975571.48032654,118892975571.48032654,1,0
2023-10-14 00:00:00,1539.53,1575.04,1539.44,1556.42,84759780.77064,131994033983.71169117,131994033983.71169117,1,0
2023-10-15 00:00:00,1556.21,1561.44,1549.67,1553.98,33113288.155169,51505901197.5656432,51505901197.5656432,1,0
2023-10-16 00:00:00,1553.9,1641.39,1550.46,1577.52,457373555.351916,730151067271.7714806,730151067271.7714806,1,0
2023-10-17 00:00:00,1577.64,1604.68,1568.55,1575.48,72885190.287466,115935920672.68516807,115935920672.68516807,1,0
2023-10-18 00:00:00,1575.59,1585.11,1551.65,1570.02,903872.398156,1419329783.05316645,1419329783.05316645,1,0
2023-10-19 00:00:00,1570,1574.8,1541.43,1561.02,1045934.193891,1628495304.30685634,1628495304.30685634,1,0
2023-10-20 00:00:00,1561,1627.49,1559.93,1605.48,4962231.364265,7959733245.57399874,7959733245.57399874,1,0
2023-10-21 00:00:00,1605.48,1629.59,1592.4,1628.6,865363.971802,1392180428.31994106,1392180428.31994106,1,0
2023-10-22 00:00:00,1628.56,1648.03,1620.21,1625.83,1881421.172058,3071041651.08881288,3071041651.08881288,1,0
2023-10-23 00:00:00,1625.84,1705.26,1624.12,1676.75,3308891.52116,5541953346.31182293,5541953346.31182293,1,0
2023-10-24 00:00:00,1676.54,1854.68,1671.15,1778.19,16226832.693967,28816428137.39968643,28816428137.39968643,1,0
2023-10-25 00:00:00,1778.08,1816.24,1756.29,1806.33,11463588.01898,20368687148.31621196,20368687148.31621196,1,0
2023-10-26 00:00:00,1806.33,1866.74,1767.11,1778.21,7273639.235327,13079871346.94879707,13079871346.94879707,1,0
2023-10-27 00:00:00,1778.04,1811.34,1763.2,1782.88,2505229.894404,4471170559.56314846,4471170559.56314846,1,0
2023-10-28 00:00:00,1782.91,1802.07,1743.49,1790.62,2623303.708543,4647466420.87352461,4647466420.87352461,1,0
2023-10-29 00:00:00,1790.72,1800.83,1763.01,1792.5,1024140.756917,1826155317.7371005,1826155317.7371005,1,0
2023-10-30 00:00:00,1792.41,1827.32,1778.27,1819.78,1853011.413903,3338774081.72447472,3338774081.72447472,1,0
2023-10-31 00:00:00,1819.78,1819.79,1781.6,1792.05,2136034.994646,3838655023.54701102,3838655023.54701102,1,0
2023-11-01 00:00:00,1791.71,1828.68,1783.66,1792.28,3691784.752702,6664925028.91170627,6664925028.91170627,1,0
2023-11-02 00:00:00,1792.3,1873.83,1787.12,1802.96,4994799.728838,9160953372.6494644,9160953372.6494644,1,0
2023-11-03 00:00:00,1803.16,1813.57,1777.32,1811.57,3969163.159294,7130038368.61620502,7130038368.61620502,1,0
2023-11-04 00:00:00,1811.93,1847.53,1799.38,1831.25,2884788.20567,5274694450.84285653,5274694450.84285653,1,0
2023-11-05 00:00:00,1831.56,1899.56,1830.94,1874.12,3434384.868306,6426543785.98272435,6426543785.98272435,1,0
2023-11-06 00:00:00,1874.21,1913.51,1856.16,1901.05,4020579.203314,7602125556.59196196,7602125556.59196196,1,0
2023-11-07 00:00:00,1901.49,1907.07,1858.97,1862.76,2808842.964588,5300811798.73567292,5300811798.73567292,1,0
2023-11-08 00:00:00,1863.4,1906.99,1850.6,1889.09,2246907.845004,4234027032.57000717,4234027032.57000717,1,0
2023-11-09 00:00:00,1889.09,2050,1882.45,2034.8,4487810.051623,8656296273.47335577,8656296273.47335577,1,0
2023-11-10 00:00:00,2034.84,2131.34,1975,2089.91,3501746.430049,7187136244.66557883,7187136244.66557883,1,0
2023-11-11 00:00:00,2090,2103.19,2030.82,2068.66,921218.227207,1899630313.08839746,1899630313.08839746,1,0
2023-11-12 00:00:00,2068,2089.8,2014.64,2057.18,1792154.784845,3675457348.10354973,3675457348.10354973,1,0
2023-11-13 00:00:00,2057.18,2107.07,2029.33,2105.44,2068010.813689,4256389131.38714742,4256389131.38714742,1,0
2023-11-14 00:00:00,2105.44,2124.77,2021.8,2037.76,3408367.988961,7005764253.22706044,7005764253.22706044,1,0
2023-11-15 00:00:00,2037.98,2053.84,1912.45,2021.18,7166560.866105,14197007056.92245031,14197007056.92245031,1,0
2023-11-16 00:00:00,2021.19,2090.37,1983.53,1995.2,9779262.050907,19874757495.17793952,19874757495.17793952,1,0
2023-11-17 00:00:00,1995.21,2013.88,1912.38,1918.21,7823866.820005,15265353078.36259798,15265353078.36259798,1,0
2023-11-18 00:00:00,1918.6,1966.68,1907,1952.7,26904.9849,52129389.02138248,52129389.02138248,1,0
2023-11-19 00:00:00,1952.78,1972.5,1943.37,1967,28370.561577,55562914.36723484,55562914.36723484,1,0
2023-11-20 00:00:00,1967.25,2048.8,1965.66,2041.98,4028715.49966,8123378906.39372884,8123378906.39372884,1,0
2023-11-21 00:00:00,2042.08,2066.08,1951.92,1988.75,15946229.367907,32052947181.85672637,32052947181.85672637,1,0
2023-11-22 00:00:00,1988.3,2037.22,1931.02,2033.72,10516571.670743,20847566765.74902432,20847566765.74902432,1,0
2023-11-23 00:00:00,2033.79,2091.81,2027.58,2042.17,4193327.111243,8634151282.92845552,8634151282.92845552,1,0
2023-11-24 00:00:00,2042.78,2133.52,2040.43,2116.58,3392845.168332,7098143995.5837804,7098143995.5837804,1,0
2023-11-25 00:00:00,2116.58,2125.6,2063.01,2077.97,2289689.786917,4780349958.73580525,4780349958.73580525,1,0
2023-11-26 00:00:00,2077.85,2094.08,2061.15,2065.18,1473337.553151,3063020982.59644043,3063020982.59644043,1,0
2023-11-27 00:00:00,2064.85,2082.2,2000,2002.86,5440306.18993,11120018405.52350302,11120018405.52350302,1,0
2023-11-28 00:00:00,2002.92,2041.6,1985.68,2036.43,1933649.99005,3896366682.63548513,3896366682.63548513,1,0
2023-11-29 00:00:00,2036.7,2075.22,2020.29,2031.33,3268303.468312,6684453199.61672241,6684453199.61672241,1,0
2023-11-30 00:00:00,2031.33,2052.46,2018.97,2033.14,1761859.990268,3582173894.6976377,3582173894.6976377,1,0
2023-12-01 00:00:00,2033.2,2110.06,2028.57,2080.03,2327405.057241,4839599156.32374127,4839599156.32374127,1,0
2023-12-02 00:00:00,2080.08,2109.86,2078.3,2104.4,1453047.614489,3045826479.17157359,3045826479.17157359,1,0
2023-12-03 00:00:00,2104.11,2200,2097.73,2160.28,7145134.857959,15400890131.27967305,15400890131.27967305,1,0
2023-12-04 00:00:00,2160.82,2274.4,2152,2212.36,20554813.502338,45865260780.26288039,45865260780.26288039,1,0
2023-12-05 00:00:00,2211.98,2254.12,2173.33,2228.59,3270810.729798,7266658618.99176101,7266658618.99176101,1,0
2023-12-06 00:00:00,2228.58,2325,2220.16,2252.48,32689361.058601,74372739417.25036589,74372739417.25036589,1,0
2023-12-07 00:00:00,2252.48,2329.99,2219.23,2322.24,3265191.627651,7367014521.21226278,7367014521.21226278,1,0
2023-12-08 00:00:00,2321.6,2391.1,2312.09,2345.62,3528140.963285,8311831650.29433676,8311831650.29433676,1,0
2023-12-09 00:00:00,2345.63,2401.2,2334.48,2362.63,2648213.128778,6254800426.80970614,6254800426.80970614,1,0
2023-12-10 00:00:00,2362.61,2365.51,2322.83,2352.24,1885507.843844,4426119278.90336275,4426119278.90336275,1,0
2023-12-11 00:00:00,2352.07,2377.44,2123.01,2218.84,6626323.168124,14906217429.02976714,14906217429.02976714,1,0
2023-12-12 00:00:00,2219.27,2244.1,2157.26,2193,5055159.717647,11149949831.03065041,11149949831.03065041,1,0
2023-12-13 00:00:00,2193.12,2225.62,2145.56,2217.73,3642018.862212,7942720891.57139107,7942720891.57139107,1,0
2023-12-14 00:00:00,2217.66,2337.75,2200.82,2275.22,4700702.137467,10629119806.53655232,10629119806.53655232,1,0
2023-12-15 00:00:00,2275.01,2331.99,2225.04,2231.16,2472303.861707,5630291886.32312535,5630291886.32312535,1,0
2023-12-16 00:00:00,2231.45,2259.3,2187.89,2256.6,2249766.63332,5042604798.11741596,5042604798.11741596,1,0
2023-12-17 00:00:00,2256.24,2263.26,2200.6,2221.72,2739521.736106,6095025611.20429876,6095025611.20429876,1,0
2023-12-18 00:00:00,2222,2248.53,2117.04,2154.51,3716965.950966,8117629379.37766793,8117629379.37766793,1,0
2023-12-19 00:00:00,2155.19,2253.36,2149.48,2191.35,2579148.817029,5706304273.8671874,5706304273.8671874,1,0
2023-12-20 00:00:00,2191.35,2265.99,2136.24,2247.19,2979377.294895,6557034983.40046813,6557034983.40046813,1,0
2023-12-21 00:00:00,2247.17,2279.22,2157.28,2232.73,3503379.129318,7748795196.12194095,7748795196.12194095,1,0
2023-12-22 00:00:00,2232.79,2342.5,2217.48,2319.86,2210913.171487,5017693997.41562658,5017693997.41562658,1,0
2023-12-23 00:00:00,2319.5,2341,2265.72,2285.51,1020972.4638,2349250598.72158037,2349250598.72158037,1,0
2023-12-24 00:00:00,2285.42,2325.85,2274.66,2294.6,1021890.202796,2347571171.52866056,2347571171.52866056,1,0
2023-12-25 00:00:00,2293.53,2304.68,2246.43,2286.59,1057119.383876,2407554534.33804134,2407554534.33804134,1,0
2023-12-26 00:00:00,2286.59,2288.81,2218.12,2228.34,1173335.101616,2642056719.76510883,2642056719.76510883,1,0
2023-12-27 00:00:00,2229.01,2292.19,2179.96,2290.02,1384848.034349,3097066151.20418045,3097066151.20418045,1,0
2023-12-28 00:00:00,2292.19,2445.24,2285.34,2359.23,2774195.561949,6615605127.50019402,6615605127.50019402,1,0
2023-12-29 00:00:00,2359.01,2385.1,2312.5,2326.16,2889582.971333,6797555324.33528175,6797555324.33528175,1,0
2023-12-30 00:00:00,2326.61,2332.76,2256.6,2313.4,2384405.912167,5476416264.86870553,5476416264.86870553,1,0
2023-12-31 00:00:00,2313.05,2322.59,2277.62,2299.35,1892155.057463,4352435381.88456003,4352435381.88456003,1,0
2024-01-01 00:00:00,2298.99,2317.5,2257.67,2314.65,1657199.72721,3795350936.72294609,3795350936.72294609,1,0
2024-01-02 00:00:00,2315.11,2430.68,2306.38,2357.53,26356.5823,62596036.82880027,62596036.82880027,1,0
2024-01-03 00:00:00,2357.52,2384.79,2065.66,2239.78,2614355.173986,5908311803.84895691,5908311803.84895691,1,0
2024-01-04 00:00:00,2239.98,2286.2,2190.05,2277.01,3593266.907825,8003013838.77378548,8003013838.77378548,1,0
2024-01-05 00:00:00,2277.18,2294.64,2213.26,2225.04,3063619.602192,6917874221.54085965,6917874221.54085965,1,0
2024-01-06 00:00:00,2225.12,2276.84,2206.52,2246.28,1603251.178794,3588169742.15234104,3588169742.15234104,1,0
2024-01-07 00:00:00,2246.38,2257.29,2222.35,2230.72,1306182.32964,2929212614.6424769,2929212614.6424769,1,0
2024-01-08 00:00:00,2230.73,2283.17,2167.11,2269.78,2415031.12478,5373404053.17092612,5373404053.17092612,1,0
2024-01-09 00:00:00,2270.01,2358.28,2229.62,2256.8,2503569.107173,5758289442.1567205,5758289442.1567205,1,0
2024-01-10 00:00:00,2257,2456.7,2243.78,2448.79,4121207.825487,9710801268.8554962,9710801268.8554962,1,0
2024-01-11 00:00:00,2449.49,2688.65,2401.26,2613.4,4477188.070619,11450330307.29617732,11450330307.29617732,1,0
2024-01-12 00:00:00,2613.78,2631.73,2570.31,2618.18,2178015.693877,5664829931.01352953,5664829931.01352953,1,0
2024-01-13 00:00:00,2618.18,2625.99,2458.14,2563.72,2720279.656048,6897243392.37150777,6897243392.37150777,1,0
2024-01-14 00:00:00,2563.91,2580,2524.95,2537.7,1752496.310095,4480408894.46994307,4480408894.46994307,1,0
2024-01-15 00:00:00,2537.65,2548.82,2470.27,2514.8,1559401.629127,3909640552.31834874,3909640552.31834874,1,0
2024-01-16 00:00:00,2514.61,2570.94,2500.49,2559.29,61533.825689,155493764.57037659,155493764.57037659,1,0
2024-01-17 00:00:00,2559.33,2613.51,2534.13,2539.55,864775.695129,2204698447.69510237,2204698447.69510237,1,0
2024-01-18 00:00:00,2540.53,2549.12,2504.1,2525.59,1429901.176554,3615833313.7011697,3615833313.7011697,1,0
2024-01-19 00:00:00,2525.6,2525.77,2428.99,2464.07,2449893.363602,6053250094.31961505,6053250094.31961505,1,0
2024-01-20 00:00:00,2463.38,2504.18,2415.66,2464.03,2132907.462025,5267259836.57632761,5267259836.57632761,1,0
2024-01-21 00:00:00,2464.03,2482.41,2454.34,2468.17,683247.604688,1687065907.76119018,1687065907.76119018,1,0
2024-01-22 00:00:00,2468.17,2478.65,2354.15,2379.06,2070778.530123,4985732884.31532046,4985732884.31532046,1,0
2024-01-23 00:00:00,2379.81,2384.79,2168.24,2219.69,3888108.343231,8882205438.29627714,8882205438.29627714,1,0
2024-01-24 00:00:00,2219.55,2264.71,2181.86,2234.8,1814541.148061,4024974151.56971382,4024974151.56971382,1,0
2024-01-25 00:00:00,2234.56,2244.66,2182.27,2187.97,1056677.243567,2338394496.14464343,2338394496.14464343,1,0
2024-01-26 00:00:00,2187.78,2265.25,2172.22,2257.89,1696686.248418,3775070347.12791259,3775070347.12791259,1,0
2024-01-27 00:00:00,2257.89,2283,2251.6,2270.23,1130443.196088,2562850308.7944804,2562850308.7944804,1,0
2024-01-28 00:00:00,2270.46,2308.35,2261.61,2270.16,1063867.966907,2425427010.66315448,2425427010.66315448,1,0
2024-01-29 00:00:00,2270.16,2278.17,2234.57,2275.99,1641369.668525,3705534719.09752638,3705534719.09752638,1,0
2024-01-30 00:00:00,2275.89,2347.27,2265.35,2341.06,3857920.404434,8902376285.29487798,8902376285.29487798,1,0
2024-01-31 00:00:00,2341.04,2391.33,2280.52,2329.95,2969439.009699,6953700264.93262792,6953700264.93262792,1,0
2024-02-01 00:00:00,2329.71,2350,2240.03,2288.6,2641289.814627,6036655811.05963229,6036655811.05963229,1,0
2024-02-02 00:00:00,2289.06,2324.92,2269.78,2313.8,1796939.525107,4137210698.0807267,4137210698.0807267,1,0
2024-02-03 00:00:00,2313.79,2329.97,2286.6,2303.7,1120668.357123,2586330970.83126985,2586330970.83126985,1,0
2024-02-04 00:00:00,2303.7,2313.06,2286.61,2301.96,684219.192049,1573971319.55148763,1573971319.55148763,1,0
2024-02-05 00:00:00,2301.97,2338.37,2266.51,2298.2,12487023.084638,28887440501.3362962,28887440501.3362962,1,0
2024-02-06 00:00:00,2298.21,2349.17,2283.58,2343.74,22641343.187802,52457906183.07299638,52457906183.07299638,1,0
2024-02-07 00:00:00,2343.74,2391.94,2340.53,2369.54,21259854.408895,50362939753.92028921,50362939753.92028921,1,0
2024-02-08 00:00:00,2369.58,2463.77,2368.67,2454.1,25439125.649488,61717201125.96494142,61717201125.96494142,1,0
2024-02-09 00:00:00,2453.88,2524.61,2413.47,2494.82,30948839.907107,76184067094.76866303,76184067094.76866303,1,0
2024-02-10 00:00:00,2494.87,2523,2471.59,2490.61,20173017.963186,50324784205.54453321,50324784205.54453321,1,0
2024-02-11 00:00:00,2490.49,2539.68,2483.14,2509.09,17384497.474279,43690040916.26227918,43690040916.26227918,1,0
2024-02-12 00:00:00,2508.92,2563,2472.37,2557.86,21497626.502261,53877929795.91479757,53877929795.91479757,1,0
2024-02-13 00:00:00,2557.87,2686.22,2536.5,2630.92,42830325.510642,112844085499.09300735,112844085499.09300735,1,0
2024-02-14 00:00:00,2630.95,2771.39,2592.9,2749.06,34647208.818841,93040994441.30377007,93040994441.30377007,1,0
2024-02-15 00:00:00,2749.32,2867.19,2726.74,2826.34,29121078.9868,81052755785.79296362,81052755785.79296362,1,0
2024-02-16 00:00:00,2826.34,2857.4,2740.73,2775.95,23675406.971255,66734479518.06063835,66734479518.06063835,1,0
2024-02-17 00:00:00,2775.99,2809.99,2718.6,2754.49,27460451.902674,76129914900.95201543,76129914900.95201543,1,0
2024-02-18 00:00:00,2754.55,2822.91,2742.7,2807.2,20288844.215,56585252486.57157165,56585252486.57157165,1,0
2024-02-19 00:00:00,2807.26,2931.13,2793.85,2909.01,23227542.712958,66730982290.12008684,66730982290.12008684,1,0
2024-02-20 00:00:00,2909.02,3003.61,2869.07,2924.73,4738348.59248,13900507165.27027426,13900507165.27027426,1,0
2024-02-21 00:00:00,2925.28,3034.33,2870,2914.77,3467331.217005,10167081434.01009972,10167081434.01009972,1,0
2024-02-22 00:00:00,2914.83,3032.59,2886.66,2987.56,2051259.565798,6056691104.80759279,6056691104.80759279,1,0
2024-02-23 00:00:00,2987.14,3035.7,2913.21,2918.45,1696781.818598,5019889138.070726,5019889138.070726,1,0
2024-02-24 00:00:00,2916.74,2968.42,2906.25,2955.58,1706699.692775,4990367775.57781692,4990367775.57781692,1,0
2024-02-25 00:00:00,2955.57,3075,2955.57,3044.21,1150371.012588,3476235366.4965075,3476235366.4965075,1,0
2024-02-26 00:00:00,3043.72,3146.17,3028.01,3145.57,1621951.729342,5007285567.72393497,5007285567.72393497,1,0
2024-02-27 00:00:00,3145.79,3288.48,3118.75,3229.86,3802044.057903,12226143982.89364696,12226143982.89364696,1,0
2024-02-28 00:00:00,3230.32,3390.14,3204.5,3350.21,4693390.733505,15447655971.91587701,15447655971.91587701,1,0
2024-02-29 00:00:00,3349,3523.86,3225.28,3468.44,12866906.371695,43166871767.31159491,43166871767.31159491,1,0
2024-03-01 00:00:00,3468.33,3470.22,3300.37,3390.65,5700862.881412,19418300491.54588612,19418300491.54588612,1,0
2024-03-02 00:00:00,3390.82,3460.66,3380.31,3418.15,1936252.091935,6623988739.04776442,6623988739.04776442,1,0
2024-03-03 00:00:00,3418.18,3447.34,3360.73,3422.35,5499811.413389,18657858231.42003816,18657858231.42003816,1,0
2024-03-04 00:00:00,3422.16,3567.31,3407.14,3559.62,3891021.121921,13678585231.764863,13678585231.764863,1,0
2024-03-05 00:00:00,3559.46,3821.5,3529.4,3784.4,17246921.461978,63247132585.8488858,63247132585.8488858,1,0
2024-03-06 00:00:00,3784.34,3901.75,3313.03,3791.98,6682656.352687,25213759270.86053765,25213759270.86053765,1,0
2024-03-07 00:00:00,3791.27,3893.74,3735.33,3837.07,4417672.111438,16787138870.5236942,16787138870.5236942,1,0
2024-03-08 00:00:00,3836.92,3994.87,3802.77,3993.15,3491628.584945,13684485657.6240344,13684485657.6240344,1,0
2024-03-09 00:00:00,3993.34,3993.45,3873.45,3916.97,2582478.668313,10123973324.0823657,10123973324.0823657,1,0
2024-03-10 00:00:00,3917.15,3963.92,3861.01,3883.85,3067213.966457,12008085228.03545617,12008085228.03545617,1,0
2024-03-11 00:00:00,3883.86,4064.63,3724.24,4020.01,6663054.972024,26114372403.12447582,26114372403.12447582,1,0
2024-03-12 00:00:00,4020.01,4098.06,3947.11,3988.23,7007852.641235,28162013990.72217941,28162013990.72217941,1,0
2024-03-13 00:00:00,3988.28,4082.57,3809.91,3963.25,4958660.187414,19739543515.68322138,19739543515.68322138,1,0
2024-03-14 00:00:00,3963.21,4021.27,3837.99,3847.4,3803952.211945,15026182754.250914,15026182754.250914,1,0
2024-03-15 00:00:00,3848.3,3932.4,3623,3689.03,6431362.842974,24180464963.09301938,24180464963.09301938,1,0
2024-03-16 00:00:00,3689.11,3804,3598,3679.4,2331057.540185,8655401725.43084446,8655401725.43084446,1,0
2024-03-17 00:00:00,3679.22,3680.82,3401.24,3628.4,1611886.665031,5749373770.72927717,5749373770.72927717,1,0
2024-03-18 00:00:00,3628.02,3678.69,3475.16,3524,2119024.155977,7595095974.30802614,7595095974.30802614,1,0
2024-03-19 00:00:00,3525,3562.53,3126.83,3304.1,2992051.365747,10125201281.39874785,10125201281.39874785,1,0
2024-03-20 00:00:00,3304.24,3397,3060,3293,3017646.300948,9800041382.5776877,9800041382.5776877,1,0
2024-03-21 00:00:00,3293,3585.71,3238.79,3496.67,2569979.900072,8951840722.62088483,8951840722.62088483,1,0
2024-03-22 00:00:00,3496.61,3544.75,3309.17,3349.53,1972255.922807,6843932601.88382678,6843932601.88382678,1,0
2024-03-23 00:00:00,3349.53,3423.32,3253.73,3405.51,1316685.876974,4397052958.14972002,4397052958.14972002,1,0
2024-03-24 00:00:00,3405.53,3434.23,3300.12,3397.01,1251875.289498,4214918333.34992835,4214918333.34992835,1,0
2024-03-25 00:00:00,3397.02,3585.77,3334.53,3580.9,1412750.652505,4886773064.29542071,4886773064.29542071,1,0
2024-03-26 00:00:00,3581.06,3677.1,3559.42,3593.52,1754175.964092,6349255929.10829098,6349255929.10829098,1,0
2024-03-27 00:00:00,3593.54,3665.25,3512.5,3514.4,1321606.805269,4736591821.74565144,4736591821.74565144,1,0
2024-03-28 00:00:00,3514.49,3610.22,3461.6,3578,1498376.176567,5301352366.87286328,5301352366.87286328,1,0
2024-03-29 00:00:00,3578.01,3583.61,3468.91,3486.4,1112306.676684,3949173303.07229307,3949173303.07229307,1,0
2024-03-30 00:00:00,3487.39,3564.67,3475,3536.18,756626.835839,2654801806.10726937,2654801806.10726937,1,0
2024-03-31 00:00:00,3536.2,3636.8,3486.04,3617.29,711622.296724,2533674430.67847323,2533674430.67847323,1,0
2024-04-01 00:00:00,3617.29,3684.09,3443.51,3455.15,969826.63865,3475204728.75838204,3475204728.75838204,1,0
2024-04-02 00:00:00,3447.5,3514.33,3232,3243,1540050.454476,5178400197.98346336,5178400197.98346336,1,0
2024-04-03 00:00:00,3240.67,3362.13,3147.76,3328.01,1375540.185528,4534644967.57391641,4534644967.57391641,1,0
2024-04-04 00:00:00,3328.42,3394.02,3251.31,3361.81,1341034.051745,4458774679.64708174,4458774679.64708174,1,0
2024-04-05 00:00:00,3364.17,3442,3210.04,3328.2,1577748.942258,5214206701.73805919,5214206701.73805919,1,0
2024-04-06 00:00:00,3327.35,3360.33,3306.05,3334.86,1006365.486138,3349807321.97276592,3349807321.97276592,1,0
2024-04-07 00:00:00,3335.63,3418.1,3331.42,3388.72,772800.229193,2609395067.22213303,2609395067.22213303,1,0
2024-04-08 00:00:00,3389.72,3671.65,3369.67,3628.2,3235918.988384,11492314255.48814818,11492314255.48814818,1,0
2024-04-09 00:00:00,3629.8,3730.01,3559.78,3563.74,5811953.251145,21204253305.20856458,21204253305.20856458,1,0
2024-04-10 00:00:00,3563.74,3563.86,3461.68,3478.72,5007452.550643,17557124551.81670081,17557124551.81670081,1,0
2024-04-11 00:00:00,3478.4,3617.63,3469.06,3508.8,4461452.602214,15772592694.64963884,15772592694.64963884,1,0
2024-04-12 00:00:00,3509.01,3552.8,3439.13,3440.7,6839647.813347,23847209771.98429868,23847209771.98429868,1,0
2024-04-13 00:00:00,3440.69,3454.25,3013.45,3272,7237554.328592,23794966962.90780202,23794966962.90780202,1,0
2024-04-14 00:00:00,3272.01,3279.59,2927.03,3017.4,174875.68566,566359877.77992725,566359877.77992725,1,0
2024-04-15 00:00:00,3017.4,3277.01,3016.4,3187.66,4853228.731266,15660177022.66266714,15660177022.66266714,1,0
2024-04-16 00:00:00,3187.66,3187.79,3012.79,3013.84,7414584.149349,22771954212.021247,22771954212.021247,1,0
2024-04-17 00:00:00,3012.89,3123.03,2938.31,2938.95,64964849.570158,198439702303.02137753,198439702303.02137753,1,0
2024-04-18 00:00:00,2938.25,3104.17,2917.12,3059.74,46396450.329989,138668730964.92881926,138668730964.92881926,1,0
2024-04-19 00:00:00,3059.57,3175.46,2872.39,3081,358472.342541,1086479836.03663313,1086479836.03663313,1,0
2024-04-20 00:00:00,3080.55,3113.8,3019.3,3110,10310.113141,31548691.45357447,31548691.45357447,1,0
2024-04-21 00:00:00,3109.81,3196.4,3087.98,3159.41,8067.138243,25449157.29847391,25449157.29847391,1,0
2024-04-22 00:00:00,3159.39,3235.31,3116.57,3183.58,1931085.964801,6155624163.81514794,6155624163.81514794,1,0
2024-04-23 00:00:00,3183.58,3263,3152.42,3224.8,2831952.209048,9076849555.44511911,9076849555.44511911,1,0
2024-04-24 00:00:00,3225.6,3292,3168.4,3175.15,10519563.560754,33784383103.60303859,33784383103.60303859,1,0
2024-04-25 00:00:00,3175.15,3193.59,3073.38,3160.26,25242012.946912,79156614864.24535717,79156614864.24535717,1,0
2024-04-26 00:00:00,3159.76,3191.53,3103.26,3117.56,8242905.493853,25840314157.79985317,25840314157.79985317,1,0
2024-04-27 00:00:00,3117.69,3166.29,3071.2,3145.19,8375946.100508,25980383926.23321515,25980383926.23321515,1,0
2024-04-28 00:00:00,3144.8,3337.32,3141.93,3320.8,2744239.537944,8954656283.69344418,8954656283.69344418,1,0
2024-04-29 00:00:00,3320.81,3360,3116.79,3182.19,11170372.187518,35663945896.3292466,35663945896.3292466,1,0
2024-04-30 00:00:00,3182.41,3250.61,2984.8,2993.6,20802048.546381,63963179066.13577336,63963179066.13577336,1,0
2024-05-01 00:00:00,2994,3029.59,2817.49,2884.6,55360864.596959,161357582984.85561868,161357582984.85561868,1,0
2024-05-02 00:00:00,2885.61,3015.62,2869.08,2990.2,37566980.170441,110939658430.95675744,110939658430.95675744,1,0
2024-05-03 00:00:00,2990.22,3085.75,2958.71,3075.39,17243247.838202,52403352593.91338939,52403352593.91338939,1,0
2024-05-04 00:00:00,3075.4,3167.5,3062.5,3126.84,4168086.026441,13018925625.38163077,13018925625.38163077,1,0
2024-05-05 00:00:00,3127,3171.77,3074,3160.17,2551816.129074,7944908641.09517939,7944908641.09517939,1,0
2024-05-06 00:00:00,3160.37,3221.2,3057.46,3090.27,10944164.513925,34181397921.67065117,34181397921.67065117,1,0
2024-05-07 00:00:00,3089.66,3130.3,3026.09,3071.47,4477185.565792,13729037376.00568331,13729037376.00568331,1,0
2024-05-08 00:00:00,3071.47,3079.59,2970,3007.39,4497579.349755,13564714950.27349872,13564714950.27349872,1,0
2024-05-09 00:00:00,3007.66,3024,2937.5,3006.15,4167300.485511,12385234391.3680804,12385234391.3680804,1,0
2024-05-10 00:00:00,3006.12,3059.03,2907.94,2918.64,4878008.293647,14586738687.31525421,14586738687.31525421,1,0
2024-05-11 00:00:00,2918.66,2945.59,2879.67,2925.39,9110.229195,26518545.563301,26518545.563301,1,0
2024-05-12 00:00:00,2926.17,2943.91,2901.97,2936.82,305848.692748,897040531.22688465,897040531.22688465,1,0
2024-05-13 00:00:00,2938.03,2996.01,2796.5,2961.55,2962365.796021,8583941182.64255146,8583941182.64255146,1,0
2024-05-14 00:00:00,2961.55,2978.21,2867.14,2898.84,11695.948308,34191488.64889118,34191488.64889118,1,0
2024-05-15 00:00:00,2898.82,2991.72,2862.2,2976.7,13242894.161296,39088735686.24719543,39088735686.24719543,1,0
2024-05-16 00:00:00,2977.18,3041.42,2933.46,2956.92,5022124.015531,15002752230.78933857,15002752230.78933857,1,0
2024-05-17 00:00:00,2957.43,3117.4,2923.32,3111.51,2655105.943091,7997446935.0535859,7997446935.0535859,1,0
2024-05-18 00:00:00,3111.82,3146.66,3067.77,3111.31,1174246.625699,3645278325.45387788,3645278325.45387788,1,0
2024-05-19 00:00:00,3111.32,3136.95,3063.6,3077.99,899884.606873,2792184969.35637963,2792184969.35637963,1,0
2024-05-20 00:00:00,3077.61,3139.41,3048.33,3118.2,2504420.167634,7721274030.29932554,7721274030.29932554,1,0
2024-05-21 00:00:00,3118.14,3834.15,3110.72,3778.37,20618434.619242,73423701293.77324101,73423701293.77324101,1,0
2024-05-22 00:00:00,3778.32,3840.35,3654.51,3762,8047562.606556,30028732245.04819681,30028732245.04819681,1,0
2024-05-23 00:00:00,3761.53,3950,3701.54,3813.6,7889011.44932,29966901816.0215139,29966901816.0215139,1,0
2024-05-24 00:00:00,3813.78,3902.39,3530,3693.37,1101543.915548,4080474607.89008032,4080474607.89008032,1,0
2024-05-25 00:00:00,3693.98,3778.4,3655.37,3744.02,1337298.117865,4986645700.41528171,4986645700.41528171,1,0
2024-05-26 00:00:00,3744.48,3874.72,3731.53,3832.99,1368286.521397,5200968696.90742152,5200968696.90742152,1,0
2024-05-27 00:00:00,3832.79,3977.8,3818.87,3964.1,1909220.540583,7467841707.25526565,7467841707.25526565,1,0
2024-05-28 00:00:00,3964.04,3980,3823.33,3861.21,14139953.488199,54620665721.41535495,54620665721.41535495,1,0
2024-05-29 00:00:00,3861.41,3887.12,3751.54,3760.19,5617107.35446,21358211990.24854565,21358211990.24854565,1,0
2024-05-30 00:00:00,3760.25,3801.99,3703.54,3776.46,4122574.073666,15433327199.95092819,15433327199.95092819,1,0
2024-05-31 00:00:00,3776.8,3846.02,3719.81,3744.88,3514652.315705,13321249068.45490121,13321249068.45490121,1,0
2024-06-01 00:00:00,3744.71,3814.66,3723.55,3799.3,2492362.58758,9343108854.56325802,9343108854.56325802,1,0
2024-06-02 00:00:00,3798.84,3838.13,3770,3799.42,730669.068089,2778196840.68378831,2778196840.68378831,1,0
2024-06-03 00:00:00,3799.57,3850,3753.13,3796.71,3589857.958783,13601135993.58928217,13601135993.58928217,1,0
2024-06-04 00:00:00,3796.8,3817.54,3732.8,3810.78,1654498.843072,6243502517.53689653,6243502517.53689653,1,0
2024-06-05 00:00:00,3811.12,3839.94,3776.97,3813.68,1842616.678026,7017808440.02337901,7017808440.02337901,1,0
2024-06-06 00:00:00,3813.19,3887,3796.5,3845,1539435.978363,5925354561.05505564,5925354561.05505564,1,0
2024-06-07 00:00:00,3844.62,3855.01,3761.76,3800.81,1715381.096803,6535964551.66398961,6535964551.66398961,1,0
2024-06-08 00:00:00,3800.81,3808.01,3573.6,3687.12,1345720.335142,4944865151.21661345,4944865151.21661345,1,0
2024-06-09 00:00:00,3686.82,3718.83,3667.31,3690.6,6090.63634,22446253.23771269,22446253.23771269,1,0
2024-06-10 00:00:00,3690.61,3721.59,3645.51,3701.01,9085.165222,33477443.82285825,33477443.82285825,1,0
2024-06-11 00:00:00,3702.75,3704.39,3431.94,3446.2,16796.765957,59943236.16827163,59943236.16827163,1,0
2024-06-12 00:00:00,3447,3684.85,3400,3618.33,11772.488656,41557532.71860542,41557532.71860542,1,0
2024-06-13 00:00:00,3618.73,3625.12,3426.66,3444.03,15206.313708,53620104.86476992,53620104.86476992,1,0
2024-06-14 00:00:00,3442.75,3533.5,3373.68,3461.4,11719.944581,40829513.61182548,40829513.61182548,1,0
2024-06-15 00:00:00,3461.54,3592.3,3360,3564.9,8627.953124,30044338.77853094,30044338.77853094,1,0
2024-06-16 00:00:00,3565.56,3615,3537.24,3592.11,10579.426787,37760550.24683114,37760550.24683114,1,0
2024-06-17 00:00:00,3591.76,3654.04,3488.2,3495.79,8025.885533,28533204.78571151,28533204.78571151,1,0
2024-06-18 00:00:00,3497.04,3577.35,3352.63,3424,11532.253092,39718963.72248623,39718963.72248623,1,0
2024-06-19 00:00:00,3424.22,3584.48,3387.23,3528.38,9185.360834,32254066.22744765,32254066.22744765,1,0
2024-06-20 00:00:00,3529.6,3624.9,3492.66,3507.03,9934.051612,35438459.63442982,35438459.63442982,1,0
2024-06-21 00:00:00,3507,3541.66,3440.25,3492.12,3882588.511834,13536009953.55074475,13536009953.55074475,1,0
2024-06-22 00:00:00,3492.61,3555.65,3471.8,3505.2,1678367.908326,5879710304.964614,5879710304.964614,1,0
2024-06-23 00:00:00,3505.69,3521.61,3470,3475.48,900034.499036,3150168175.9943864,3150168175.9943864,1,0
2024-06-24 00:00:00,3475.17,3483,3223.7,3280.12,14093594.844087,47110021148.03517761,47110021148.03517761,1,0
2024-06-25 00:00:00,3280.15,3424.6,3243.36,3419.66,21024853.220253,69473920139.65081235,69473920139.65081235,1,0
2024-06-26 00:00:00,3419.59,3435.29,3347.93,3361.42,2604206.583501,8827626947.15293987,8827626947.15293987,1,0
2024-06-27 00:00:00,3361.87,3477.32,3327.17,3452.53,4826870.318161,16461505148.94595679,16461505148.94595679,1,0
2024-06-28 00:00:00,3452.47,3487.95,3404.05,3414,3176916.407659,10949198398.61645904,10949198398.61645904,1,0
2024-06-29 00:00:00,3413.55,3417,3366,3394.75,2605752.558768,8824512823.18278231,8824512823.18278231,1,0
2024-06-30 00:00:00,3394.29,3451.8,3355.4,3399.1,1353845.849441,4582294066.25265301,4582294066.25265301,1,0
2024-07-01 00:00:00,3400.38,3524.09,3391.49,3472.84,3133543.769932,10864748999.44567425,10864748999.44567425,1,0
2024-07-02 00:00:00,3474.42,3499.35,3400,3416,1485762.145337,5124209513.93591812,5124209513.93591812,1,0
2024-07-03 00:00:00,3416.21,3433.8,3276.62,3304.94,4730588.24963,15788581619.81781664,15788581619.81781664,1,0
2024-07-04 00:00:00,3304.41,3321.89,3049.54,3138.64,21534914.433797,68824279318.51544717,68824279318.51544717,1,0
2024-07-05 00:00:00,3139.19,3169.4,2800,2991.66,21897990.234165,67083129589.5661017,67083129589.5661017,1,0
2024-07-06 00:00:00,2991.2,3030.68,2951.65,3020,10422.37327,31161164.86870462,31161164.86870462,1,0
2024-07-07 00:00:00,3020.21,3081.33,2955.66,2971.31,10982.146179,33182316.64420528,33182316.64420528,1,0
2024-07-08 00:00:00,2971.53,3093.23,2800,2968.91,17746.706676,52702358.81077608,52702358.81077608,1,0
2024-07-09 00:00:00,2969.08,3113.03,2946,3067.39,12874.369281,39384954.25401303,39384954.25401303,1,0
2024-07-10 00:00:00,3067.62,3130.25,3024.99,3084,299793.299452,927359745.70345498,927359745.70345498,1,0
2024-07-11 00:00:00,3092.11,3214.06,3017.96,3117.98,8364432.82449,26479126080.50216572,26479126080.50216572,1,0
2024-07-12 00:00:00,3118.1,3148,3047.35,3130.8,6038146.825467,18660088546.35578427,18660088546.35578427,1,0
2024-07-13 00:00:00,3131.46,3169.73,3090.25,3154.88,2318994.038986,7275205903.26214249,7275205903.26214249,1,0
2024-07-14 00:00:00,3155.12,3225.22,3144.01,3191,3056749.865046,9737800833.89947891,9737800833.89947891,1,0
2024-07-15 00:00:00,3190.94,3393.79,3183.29,3368.58,4139494.806031,13709334380.41404984,13709334380.41404984,1,0
2024-07-16 00:00:00,3367.51,3497.36,3347.21,3476.36,10897986.426035,37206101165.77933063,37206101165.77933063,1,0
2024-07-17 00:00:00,3476.23,3516.38,3414.48,3437.6,5244766.017257,18176522317.46074263,18176522317.46074263,1,0
2024-07-18 00:00:00,3437.8,3489.24,3376.66,3390.5,3414662.323451,11682249729.88824982,11682249729.88824982,1,0
2024-07-19 00:00:00,3389.4,3480,3368.6,3464.99,3671978.878947,12528819074.54172808,12528819074.54172808,1,0
2024-07-20 00:00:00,3464.8,3540.18,3460.5,3503.61,2493456.10305,8721053450.6491104,8721053450.6491104,1,0
2024-07-21 00:00:00,3503.68,3539.59,3478.96,3499.63,1730395.313631,6070507705.64588682,6070507705.64588682,1,0
2024-07-22 00:00:00,3499.96,3561.01,3389.12,3455.57,6508034.375785,22616528977.91819907,22616528977.91819907,1,0
2024-07-23 00:00:00,3457.25,3550,3407.14,3457,5803477.757944,20115449540.50057398,20115449540.50057398,1,0
2024-07-24 00:00:00,3454.66,3499.2,3393,3415.21,3765020.554094,12952455051.03795948,12952455051.03795948,1,0
2024-07-25 00:00:00,3415.4,3432.6,3109.31,3141.66,9039674.146853,29185740433.85478054,29185740433.85478054,1,0
2024-07-26 00:00:00,3142.11,3276.42,3087.22,3254.96,3886980.58989,12396162710.00171079,12396162710.00171079,1,0
2024-07-27 00:00:00,3255,3327.63,3240,3281.36,2563976.903391,8391379845.55696426,8391379845.55696426,1,0
2024-07-28 00:00:00,3281.35,3294,3192.08,3268.87,9080221.348489,29498567931.56027675,29498567931.56027675,1,0
2024-07-29 00:00:00,3268.87,3397.39,3251.11,3308.3,3701575.204799,12311192443.27139136,12311192443.27139136,1,0
2024-07-30 00:00:00,3308.3,3366.06,3258.37,3321.4,4782489.370607,15831066243.39888269,15831066243.39888269,1,0
2024-07-31 00:00:00,3321,3349.63,3234.84,3302.2,3668024.322609,12085640968.30272841,12085640968.30272841,1,0
2024-08-01 00:00:00,3302.3,3326.6,3102.9,3110.36,7761656.647252,24809333410.5721129,24809333410.5721129,1,0
2024-08-02 00:00:00,3115.9,3217.99,2987,3038.78,14407386.689729,44574385491.89246992,44574385491.89246992,1,0
2024-08-03 00:00:00,3038.78,3047.97,2914.75,2942.49,12817215.515748,38410603166.95967877,38410603166.95967877,1,0
2024-08-04 00:00:00,2942.6,2955.2,2820.54,2827.01,15387401.695796,44532610635.12561447,44532610635.12561447,1,0
2024-08-05 00:00:00,2827.4,2837.43,2087.77,2450.97,39249804.576523,101109960616.60919732,101109960616.60919732,1,0
2024-08-06 00:00:00,2450.98,2552.5,2364.2,2527.02,41128.14549,101791251.464125,101791251.464125,1,0
2024-08-07 00:00:00,2527.37,2550.74,2365.73,2412.4,15220960.242372,36886836123.33123459,36886836123.33123459,1,0
2024-08-08 00:00:00,2412.4,2525.74,2309.38,2493.71,49168120.637176,119225294630.40032117,119225294630.40032117,1,0
2024-08-09 00:00:00,2493.39,2722.72,2493.22,2559.89,35926492.539505,93627026985.25307427,93627026985.25307427,1,0
2024-08-10 00:00:00,2558.42,2642.83,2553.01,2600,3764251.027282,9801305927.36382655,9801305927.36382655,1,0
2024-08-11 00:00:00,2599.69,2718.6,2590.2,2614.14,3001177.628203,7930798965.30440481,7930798965.30440481,1,0
2024-08-12 00:00:00,2614.14,2719.73,2510.4,2666.6,21754762.209087,57381315982.63555635,57381315982.63555635,1,0
2024-08-13 00:00:00,2666.39,2749.64,2611.11,2652.05,16549715.616443,44221912306.46032617,44221912306.46032617,1,0
2024-08-14 00:00:00,2652,2779.16,2635,2674.28,10931552.712244,29457345199.91532527,29457345199.91532527,1,0
2024-08-15 00:00:00,2674.01,2679.89,1852.57,2668.4,5585899.559874,14768618944.07399088,14768618944.07399088,1,0
2024-08-16 00:00:00,2668.48,2675.1,2515.85,2569.51,18203889.623239,46854615371.04015976,46854615371.04015976,1,0
2024-08-17 00:00:00,2571.39,2630,2559.58,2606.66,4058803.156739,10571536118.45250568,10571536118.45250568,1,0
2024-08-18 00:00:00,2606.7,2687.11,2594.5,2671.91,1997170.368153,5254419677.17716781,5254419677.17716781,1,0
2024-08-19 00:00:00,2672.19,2678.47,2564,2584.74,4362229.162746,11371856162.45268912,11371856162.45268912,1,0
2024-08-20 00:00:00,2584.51,2698,2555.46,2574.97,7785121.763604,20381195132.73242874,20381195132.73242874,1,0
2024-08-21 00:00:00,2574.97,2616.91,2515,2601.65,9779462.144533,25348103523.44882509,25348103523.44882509,1,0
2024-08-22 00:00:00,2601.64,2663.05,2584.46,2599.81,4001987.62905,10492977072.38223397,10492977072.38223397,1,0
2024-08-23 00:00:00,2599.6,2699.61,2597.69,2670.97,11567045.523119,30796057358.54501009,30796057358.54501009,1,0
2024-08-24 00:00:00,2670.81,2798.65,2663.6,2761.01,5570951.107247,15246940871.25040525,15246940871.25040525,1,0
2024-08-25 00:00:00,2761.15,2819.71,2730.06,2763.2,2579423.446246,7138408308.1567909,7138408308.1567909,1,0
2024-08-26 00:00:00,2763.8,2792.3,2704.5,2722,3558033.366577,9723734309.86265974,9723734309.86265974,1,0
2024-08-27 00:00:00,2721.51,2732.05,2560.19,2579.15,6029787.27416,15878788910.24448379,15878788910.24448379,1,0
2024-08-28 00:00:00,2579.14,2591.73,2398.46,2496.38,27293652.023376,67765394676.83949576,67765394676.83949576,1,0
2024-08-29 00:00:00,2496.02,2595.58,2456.99,2576.1,19586742.899078,49286916524.71832921,49286916524.71832921,1,0
2024-08-30 00:00:00,2575.99,2585.71,2435.57,2448.5,6736769.587469,17054854122.82172887,17054854122.82172887,1,0
2024-08-31 00:00:00,2449.14,2541.26,2433,2519.31,28189.846091,70931716.40319847,70931716.40319847,1,0
2024-09-01 00:00:00,2519.32,2528.27,2437.89,2480.84,28338.131344,70274020.18933518,70274020.18933518,1,0
2024-09-02 00:00:00,2481.1,2536.14,2400.07,2513.36,30027.219838,74238634.44627843,74238634.44627843,1,0
2024-09-03 00:00:00,2513.38,2566.16,2435.96,2444.66,22256.085031,55709435.73134798,55709435.73134798,1,0
2024-09-04 00:00:00,2444.21,2469.63,2307.04,2457.22,27194.170674,65291328.5092596,65291328.5092596,1,0
2024-09-05 00:00:00,2456,2490.13,2356.04,2371.64,9673709.035405,23137508077.13518768,23137508077.13518768,1,0
2024-09-06 00:00:00,2371.52,2408.6,2267.45,2290.57,27562997.625427,64915027319.68728602,64915027319.68728602,1,0
2024-09-07 00:00:00,2291.04,2327.36,2133.33,2301,57209981.589442,127907806725.89739568,127907806725.89739568,1,0
2024-09-08 00:00:00,2300.61,2325.11,2241.44,2245.32,3577450.057195,8156257426.00175033,8156257426.00175033,1,0
2024-09-09 00:00:00,2245.38,2338.37,2243.56,2292.21,11528913.276095,26521949668.98120885,26521949668.98120885,1,0
2024-09-10 00:00:00,2292.62,2379.61,2291.2,2325.4,15649626.702918,36604582393.17672084,36604582393.17672084,1,0
2024-09-11 00:00:00,2325.2,2399.1,2275,2326.1,26339134.048872,61089833870.34830151,61089833870.34830151,1,0
2024-09-12 00:00:00,2326.1,2391.72,2315.59,2323.51,9566803.471332,22501881189.23141318,22501881189.23141318,1,0
2024-09-13 00:00:00,2323.1,2411.81,2322.71,2407,6655928.379111,15839947100.90122952,15839947100.90122952,1,0
2024-09-14 00:00:00,2407.9,2463.5,2396.45,2418.88,2551325.062135,6186184616.44984346,6186184616.44984346,1,0
2024-09-15 00:00:00,2418.84,2430.63,2381.54,2409.41,1898967.753376,4566277061.47927913,4566277061.47927913,1,0
2024-09-16 00:00:00,2408.8,2409.05,2253.11,2287.26,8686884.749354,20029805345.08673392,20029805345.08673392,1,0
2024-09-17 00:00:00,2287.5,2393.47,2263.48,2383.78,10342990.158159,24133180852.38707518,24133180852.38707518,1,0
2024-09-18 00:00:00,2383.79,2389.8,2277.59,2295.81,5088344.466758,11853376335.19253967,11853376335.19253967,1,0
2024-09-19 00:00:00,2296.2,2471.88,2288.61,2439.93,26548122.262267,62121989986.82508273,62121989986.82508273,1,0
2024-09-20 00:00:00,2439.93,2625.86,2433.6,2559.24,1168002.486485,2883665347.29111385,2883665347.29111385,1,0
2024-09-21 00:00:00,2560.4,2587.21,2525.56,2559.46,11826.95539,30181130.45260878,30181130.45260878,1,0
2024-09-22 00:00:00,2559.86,2632.33,2556.09,2572.27,12440.431971,32184486.54088988,32184486.54088988,1,0
2024-09-23 00:00:00,2570.63,2690,2524.99,2680,76953.107839,203980173.57332461,203980173.57332461,1,0
2024-09-24 00:00:00,2675.54,2743.55,2574.85,2612.4,81269.03953,216271419.25375963,216271419.25375963,1,0
2024-09-25 00:00:00,2612.8,2673.91,2596.61,2600.6,1556612.917543,4079899837.54661462,4079899837.54661462,1,0
2024-09-26 00:00:00,2600.8,2666.64,2555.9,2652.01,6740370.952762,17652047203.57134199,17652047203.57134199,1,0
