date,open,high,low,close,volume,dividend,split
2012-01-03,58.485714,58.92857,58.42857,58.747143,75555200,0.0,1.0
2012-01-04,58.57143,59.240002,58.468571,59.062859,65005500,0.0,1.0
2012-01-05,59.278572,59.792858,58.952858,59.718571,67817400,0.0,1.0
2012-01-06,59.967144,60.392857,59.888573,60.342857,79573200,0.0,1.0
2012-01-09,60.785713,61.107143,60.192856,60.247143,98506100,0.0,1.0
2012-01-10,60.844284,60.857143,60.214287,60.462856,64549100,0.0,1.0
2012-01-11,60.382858,60.407143,59.901428,60.364285,53771200,0.0,1.0
2012-01-12,60.325714,60.414288,59.82143,60.19857,53146800,0.0,1.0
2012-01-13,59.957142,60.064285,59.808571,59.972858,56505400,0.0,1.0
2012-01-17,60.599998,60.855713,60.422855,60.671429,60724300,0.0,1.0
2012-01-18,60.994286,61.352856,60.900002,61.30143,69197800,0.0,1.0
2012-01-19,61.450001,61.624287,60.93,61.107143,65434600,0.0,1.0
2012-01-20,61.07,61.07143,59.964287,60.042858,103493600,0.0,1.0
2012-01-23,60.381428,61.207142,60.328571,61.058571,76515600,0.0,1.0
2012-01-24,60.728573,60.728573,59.935715,60.058571,136909500,0.0,1.0
2012-01-25,64.919998,64.921425,63.389999,63.808571,239578500,0.0,1.0
2012-01-26,64.05143,64.112854,63.305714,63.51857,80996300,0.0,1.0
2012-01-27,63.477142,64.068573,63.395714,63.897144,74927300,0.0,1.0
2012-01-30,63.672855,64.842857,63.627144,64.715714,94835300,0.0,1.0
2012-01-31,65.084282,65.46286,64.724289,65.211426,97920900,0.0,1.0
2012-02-01,65.487144,65.57,65.078575,65.169998,67511500,0.0,1.0
2012-02-02,65.128571,65.309998,64.854286,65.017143,46699100,0.0,1.0
2012-02-03,65.328575,65.714287,65.080002,65.668571,71649900,0.0,1.0
2012-02-06,65.482857,66.425713,65.457146,66.281425,62353200,0.0,1.0
2012-02-07,66.464287,67.10714,66.368568,66.975716,79055900,0.0,1.0
2012-02-08,67.214287,68.112854,67.099998,68.097145,101972500,0.0,1.0
2012-02-09,68.68,70.964287,68.651428,70.452858,221053700,0.0,1.0
2012-02-10,70.137146,71.08857,69.792854,70.488571,157825500,0.0,1.0
2012-02-13,71.361427,71.975716,71.012856,71.800003,129304000,0.0,1.0
2012-02-14,72.094284,72.794289,71.714287,72.779999,115099600,0.0,1.0
2012-02-15,73.465714,75.184288,70.984283,71.095711,376530000,0.0,1.0
2012-02-16,70.214287,72.127144,69.51857,71.744286,236138000,0.0,1.0
2012-02-17,71.872856,72.538574,71.471428,71.73143,133951300,0.0,1.0
2012-02-21,72.41143,73.550003,72.017143,73.550003,151398800,0.0,1.0
2012-02-22,73.297142,73.641426,72.724289,73.291428,120825600,0.0,1.0
2012-02-23,73.582855,73.975716,72.785713,73.769997,142006900,0.0,1.0
2012-02-24,74.238571,74.699997,74.091431,74.629997,103768000,0.0,1.0
2012-02-27,74.472855,75.5,73.754288,75.108574,136895500,0.0,1.0
2012-02-28,75.422859,76.487144,75.121429,76.487144,150096800,0.0,1.0
2012-02-29,77.365715,78.230003,76.528572,77.491432,238002800,0.0,1.0
2012-03-01,78.309998,78.315712,76.96714,77.781425,170817500,0.0,1.0
2012-03-02,77.748573,78.114288,77.502853,77.882858,107928100,0.0,1.0
2012-03-05,77.917145,78.211426,75.14286,76.165718,202281100,0.0,1.0
2012-03-06,74.808571,76.241432,73.745712,75.751427,202559700,0.0,1.0
2012-03-07,76.685715,76.825714,74.757141,75.812859,199630200,0.0,1.0
2012-03-08,76.384285,77.57,76.017143,77.427139,129114300,0.0,1.0
2012-03-09,77.744286,78.248573,77.587143,77.881432,104729800,0.0,1.0
2012-03-12,78.425713,78.85714,78.14286,78.85714,101820600,0.0,1.0
2012-03-13,79.648575,81.168571,79.39286,81.157143,172713800,0.0,1.0
2012-03-14,82.578575,84.959999,82.199997,84.225716,354711000,0.0,1.0
2012-03-15,85.658569,85.715714,82.650002,83.651428,289929500,0.0,1.0
2012-03-16,83.531425,84.171425,82.571426,83.652855,206371900,0.0,1.0
2012-03-19,85.48143,85.96714,84.150002,85.871429,225309000,0.0,1.0
2012-03-20,85.644287,86.699997,84.497147,86.565712,204165500,0.0,1.0
2012-03-21,86.105713,87.092857,85.915718,86.071426,161010500,0.0,1.0
2012-03-22,85.397141,86.35714,85.075714,85.620003,155967700,0.0,1.0
2012-03-23,85.784286,85.971428,84.914284,85.150002,107622200,0.0,1.0
2012-03-26,85.684288,86.735718,85.03714,86.711426,148935500,0.0,1.0
2012-03-27,86.597145,88.040001,86.580002,87.78286,151782400,0.0,1.0
2012-03-28,88.339996,88.778572,87.187141,88.23143,163865100,0.0,1.0
2012-03-29,87.540001,88.080002,86.747147,87.122856,152059600,0.0,1.0
2012-03-30,86.96714,87.222855,85.419998,85.650002,182759500,0.0,1.0
2012-04-02,85.975716,88.395714,85.76857,88.375717,149587900,0.0,1.0
2012-04-03,89.614288,90.315712,88.93,89.902855,208639900,0.0,1.0
2012-04-04,89.192856,89.408569,88.14286,89.187141,143245200,0.0,1.0
2012-04-05,89.568573,90.665718,89.057144,90.525711,160324500,0.0,1.0
2012-04-09,89.447144,91.405716,89.328575,90.889999,149384200,0.0,1.0
2012-04-10,91.418571,92.0,89.428574,89.777145,222431300,0.0,1.0
2012-04-11,90.885712,90.98143,89.048569,89.457146,174153700,0.0,1.0
2012-04-12,89.285713,90.190002,88.64286,88.96714,153584200,0.0,1.0
2012-04-13,89.158569,89.242859,86.215714,86.461426,214911200,0.0,1.0
2012-04-16,87.151428,87.182854,82.60714,82.875717,262696700,0.0,1.0
2012-04-17,82.705711,87.14286,81.701431,87.099998,256382000,0.0,1.0
2012-04-18,87.674286,88.60714,86.101425,86.905716,238632800,0.0,1.0
2012-04-19,85.745712,86.389999,83.502853,83.919998,208679800,0.0,1.0
2012-04-20,84.482857,84.945717,81.488571,81.854286,257746300,0.0,1.0
2012-04-23,81.515717,82.381432,79.517143,81.671425,241632300,0.0,1.0
2012-04-24,80.372856,81.098572,79.285713,80.040001,269037300,0.0,1.0
2012-04-25,87.94857,88.285713,86.571426,87.14286,226444400,0.0,1.0
2012-04-26,87.752853,87.812859,86.01857,86.814285,134017100,0.0,1.0
2012-04-27,86.438568,86.597145,85.785713,86.14286,101680600,0.0,1.0
2012-04-30,85.400002,85.485718,83.285713,83.425713,126536200,0.0,1.0
2012-05-01,83.557144,85.251427,83.03286,83.16143,152749800,0.0,1.0
2012-05-02,82.891426,83.914284,82.694283,83.711426,106847300,0.0,1.0
2012-05-03,84.35714,84.485718,82.900002,83.117142,97637400,0.0,1.0
2012-05-04,82.440002,82.622856,80.738571,80.75,132498100,0.0,1.0
2012-05-07,80.214287,81.824287,80.175713,81.354286,115029600,0.0,1.0
2012-05-08,81.368568,81.64286,79.818573,81.168571,124313000,0.0,1.0
2012-05-09,80.528572,81.997147,80.121429,81.311432,120176000,0.0,1.0
2012-05-10,82.082855,82.26857,81.205711,81.502853,83300000,0.0,1.0
2012-05-11,80.714287,82.067146,80.621429,80.958572,99886500,0.0,1.0
2012-05-14,80.367142,81.072861,79.657143,79.745712,88156600,0.0,1.0
2012-05-15,80.207146,80.459999,78.821426,79.024284,119084000,0.0,1.0
2012-05-16,79.150002,79.555717,77.291428,78.011429,140224000,0.0,1.0
2012-05-17,77.901428,78.214287,75.73143,75.73143,179305000,0.0,1.0
2012-05-18,76.279999,77.629997,74.597145,75.76857,183073100,0.0,1.0
2012-05-21,76.35714,80.220001,76.292854,80.182854,157776500,0.0,1.0
2012-05-22,81.364288,81.982857,78.940002,79.567146,173717600,0.0,1.0
2012-05-23,79.64286,81.828575,79.03286,81.508568,146224400,0.0,1.0
2012-05-24,82.267143,82.35714,80.175713,80.760002,124057500,0.0,1.0
2012-05-25,80.655716,80.835716,79.781425,80.327141,82126800,0.0,1.0
2012-05-29,81.557144,82.0,80.758568,81.752853,95127200,0.0,1.0
2012-05-30,81.314285,82.855713,80.937141,82.738571,132357400,0.0,1.0
2012-05-31,82.96286,83.071426,81.637146,82.53286,122918600,0.0,1.0
2012-06-01,81.308571,81.807144,80.074287,80.141426,130246900,0.0,1.0
2012-06-04,80.214287,81.071426,78.35714,80.612854,139248900,0.0,1.0
2012-06-05,80.181427,80.924286,79.761429,80.404289,97053600,0.0,1.0
2012-06-06,81.110001,81.978569,80.785713,81.637146,100363900,0.0,1.0
2012-06-07,82.470001,82.474289,81.5,81.674286,94941700,0.0,1.0
2012-06-08,81.657143,82.940002,81.285713,82.902855,86879100,0.0,1.0
2012-06-11,83.959999,84.071426,81.51857,81.595711,147816200,0.0,1.0
2012-06-12,82.065712,82.374283,80.957146,82.308571,108845100,0.0,1.0
2012-06-13,82.074287,82.639999,81.482857,81.737144,73395000,0.0,1.0
2012-06-14,81.605713,81.928574,81.03714,81.647141,86393300,0.0,1.0
2012-06-15,81.571426,82.08857,81.364288,82.01857,83813800,0.0,1.0
2012-06-18,81.565712,83.984283,81.48143,83.682854,110103000,0.0,1.0
2012-06-19,83.342857,84.285713,83.300003,83.915718,90351100,0.0,1.0
2012-06-20,84.029999,84.178574,82.971428,83.677139,89735800,0.0,1.0
2012-06-21,83.634285,84.031425,82.491432,82.524284,81587800,0.0,1.0
2012-06-22,82.720001,83.169998,82.202858,83.157143,71117900,0.0,1.0
2012-06-25,82.471428,82.828575,81.48143,81.538574,76095600,0.0,1.0
2012-06-26,81.618568,82.07,81.047142,81.718575,69134100,0.0,1.0
2012-06-27,82.14286,82.391426,81.702858,82.071426,50749300,0.0,1.0
2012-06-28,81.667145,82.0,80.80143,81.292854,70709100,0.0,1.0
2012-06-29,82.571426,83.428574,82.035713,83.428574,105375200,0.0,1.0
2012-07-02,83.53286,84.781425,83.371429,84.645714,100023000,0.0,1.0
2012-07-03,84.982857,85.714287,84.85714,85.629997,60428200,0.0,1.0
2012-07-05,85.794289,87.762856,85.664284,87.134285,121095800,0.0,1.0
2012-07-06,86.727142,86.919998,85.940002,86.554283,104732600,0.0,1.0
2012-07-09,86.471428,87.699997,86.30143,87.69857,94851400,0.0,1.0
2012-07-10,88.281425,88.552856,86.472855,86.887146,127989400,0.0,1.0
2012-07-11,86.58857,86.808571,85.317146,86.347145,117330500,0.0,1.0
2012-07-12,85.748573,86.209999,84.668571,85.557144,107010400,0.0,1.0
2012-07-13,86.135712,86.741432,85.714287,86.424286,77856800,0.0,1.0
2012-07-16,86.445717,87.374283,86.431427,86.701431,75315100,0.0,1.0
2012-07-17,87.255714,87.35714,86.164284,86.705711,73406200,0.0,1.0
2012-07-18,86.655716,86.905716,86.222855,86.608574,63175000,0.0,1.0
2012-07-19,87.325714,87.907143,86.571426,87.760002,109215400,0.0,1.0
2012-07-20,87.575714,87.777145,86.242859,86.328575,99367800,0.0,1.0
2012-07-23,84.914284,86.557144,83.958572,86.261429,121993900,0.0,1.0
2012-07-24,86.76857,87.097145,85.501427,85.845711,141283100,0.0,1.0
2012-07-25,82.065712,82.971428,81.428574,82.138573,219328200,0.0,1.0
2012-07-26,82.822861,82.914284,81.480003,82.125717,101658200,0.0,1.0
2012-07-27,82.144287,83.690002,81.655716,83.594284,100984100,0.0,1.0
2012-07-30,84.417145,85.634285,83.974289,85.004288,94785600,0.0,1.0
2012-07-31,86.175713,87.385712,86.102859,87.251427,115581900,0.0,1.0
2012-08-01,87.987144,88.057144,86.14286,86.687141,96125400,0.0,1.0
2012-08-02,86.120003,87.241432,85.75,86.827141,83039600,0.0,1.0
2012-08-03,87.66143,88.28286,87.365715,87.957146,86230200,0.0,1.0
2012-08-06,88.184288,89.267143,87.894287,88.935715,75525800,0.0,1.0
2012-08-07,88.96714,89.285713,88.291428,88.701431,72611700,0.0,1.0
2012-08-08,88.484283,89.125717,88.157143,88.55143,61176500,0.0,1.0
2012-08-09,88.264282,88.818573,88.257141,88.675713,55410600,0.37857,1.0
2012-08-10,88.387146,88.822861,88.385712,88.814285,48734700,0.0,1.0
2012-08-13,89.055717,90.0,89.035713,90.0,69708100,0.0,1.0
2012-08-14,90.267143,91.230003,90.029999,90.241432,85042300,0.0,1.0
2012-08-15,90.185715,90.571426,89.678574,90.118568,64335600,0.0,1.0
2012-08-16,90.172859,90.965714,90.071426,90.905716,63633500,0.0,1.0
2012-08-17,91.428574,92.598572,91.258568,92.587143,110690300,0.0,1.0
2012-08-20,92.858574,95.021431,92.842857,95.021431,153346200,0.0,1.0
2012-08-21,95.831429,96.41143,92.904289,93.722855,203179900,0.0,1.0
2012-08-22,93.488571,95.571426,92.587143,95.552856,141330700,0.0,1.0
2012-08-23,95.158569,95.699997,94.449997,94.66143,105032200,0.0,1.0
2012-08-24,94.215714,95.639999,93.650002,94.745712,109335100,0.0,1.0
2012-08-27,97.141426,97.267143,96.220001,96.525711,106752100,0.0,1.0
2012-08-28,96.425713,96.585716,95.809998,96.400002,66854200,0.0,1.0
2012-08-29,96.464287,96.809998,96.085716,96.209999,50701700,0.0,1.0
2012-08-30,95.805717,95.935715,94.692856,94.83857,75674900,0.0,1.0
2012-08-31,95.321426,95.514282,93.89286,95.034286,84580300,0.0,1.0
2012-09-04,95.108574,96.44857,94.928574,96.424286,91973000,0.0,1.0
2012-09-05,96.510002,96.621429,95.657143,95.747147,84093800,0.0,1.0
2012-09-06,96.167145,96.898575,95.828575,96.610001,97799100,0.0,1.0
2012-09-07,96.864288,97.497147,96.538574,97.205711,82416600,0.0,1.0
2012-09-10,97.207146,97.612854,94.585716,94.677139,121999500,0.0,1.0
2012-09-11,95.015717,95.728569,93.785713,94.370003,125995800,0.0,1.0
2012-09-12,95.264282,95.699997,93.714287,95.684288,178058300,0.0,1.0
2012-09-13,96.767143,97.928574,96.395714,97.568573,149590000,0.0,1.0
2012-09-14,98.565712,99.568573,98.269997,98.754288,150118500,0.0,1.0
2012-09-17,99.907143,99.971428,99.230003,99.968575,99507800,0.0,1.0
2012-09-18,99.982857,100.332855,99.488571,100.272858,93375800,0.0,1.0
2012-09-19,100.03714,100.57,99.938568,100.300003,81718700,0.0,1.0
2012-09-20,99.879997,100.008568,99.08857,99.814285,84142100,0.0,1.0
2012-09-21,100.344284,100.724289,99.908569,100.012856,142897300,0.0,1.0
2012-09-24,98.122856,99.302856,97.571426,98.684288,159941600,0.0,1.0
2012-09-25,98.322861,98.968575,96.14286,96.220001,129697400,0.0,1.0
2012-09-26,95.534286,96.098572,94.457146,95.025711,144125800,0.0,1.0
2012-09-27,94.898575,97.452858,94.335716,97.331429,148522500,0.0,1.0
2012-09-28,96.964287,97.30143,95.25,95.300003,133777700,0.0,1.0
2012-10-01,95.879997,96.678574,93.785713,94.19857,135898700,0.0,1.0
2012-10-02,94.544289,95.192856,92.949997,94.472855,156998100,0.0,1.0
2012-10-03,94.980003,95.980003,94.66143,95.921425,106070300,0.0,1.0
2012-10-04,95.89286,96.321426,95.078575,95.257141,92681400,0.0,1.0
2012-10-05,95.028572,95.14286,93.040001,93.227142,148501500,0.0,1.0
2012-10-08,92.41143,92.508568,90.872856,91.167145,159498500,0.0,1.0
2012-10-09,91.235718,91.498573,89.078575,90.835716,209649300,0.0,1.0
2012-10-10,91.391426,92.139999,91.0,91.558571,127589000,0.0,1.0
2012-10-11,92.35714,92.457146,89.728569,89.728569,136520300,0.0,1.0
2012-10-12,89.937141,90.76857,89.328575,89.958572,115003700,0.0,1.0
2012-10-15,90.335716,90.732857,89.121429,90.68,108125500,0.0,1.0
2012-10-16,90.767143,92.900002,90.14286,92.827141,137442900,0.0,1.0
2012-10-17,92.695717,93.255714,92.0,92.087143,97259400,0.0,1.0
2012-10-18,91.370003,91.722855,90.0,90.377144,119156100,0.0,1.0
2012-10-19,90.150002,90.252853,87.08857,87.120003,186021500,0.0,1.0
2012-10-22,87.488571,90.76857,87.251427,90.575714,136682700,0.0,1.0
2012-10-23,90.14286,90.557144,87.385712,87.622856,176786400,0.0,1.0
2012-10-24,88.777145,89.507141,87.234283,88.118568,139631800,0.0,1.0
2012-10-25,88.571426,88.85714,86.507141,87.077141,164081400,0.0,1.0
2012-10-26,87.061432,87.714287,84.428574,86.285713,254608200,0.0,1.0
2012-10-31,84.982857,85.994286,83.957146,85.045715,127500800,0.0,1.0
2012-11-01,85.459999,86.14286,84.881432,85.220001,90324500,0.0,1.0
2012-11-02,85.127144,85.278572,82.10714,82.400002,149843400,0.0,1.0
2012-11-05,83.360001,83.96714,82.514282,83.517143,132283900,0.0,1.0
2012-11-06,84.318573,84.391426,82.870003,83.264282,93729300,0.0,1.0
2012-11-07,81.977142,82.077141,79.39286,79.714287,198412200,0.37857,1.0
2012-11-08,80.089996,80.318573,76.470001,76.821426,264036500,0.0,1.0
2012-11-09,77.202858,79.26857,76.245712,78.151428,232478400,0.0,1.0
2012-11-12,79.164284,79.214287,76.949997,77.547142,128950500,0.0,1.0
2012-11-13,76.987144,78.639999,76.622856,77.557144,133237300,0.0,1.0
2012-11-14,77.928574,78.207146,76.597145,76.697144,119292600,0.0,1.0
2012-11-15,76.790001,77.071426,74.660004,75.08857,197477700,0.0,1.0
2012-11-16,75.028572,75.714287,72.25,75.382858,316723400,0.0,1.0
2012-11-19,77.244286,81.071426,77.125717,80.818573,205829400,0.0,1.0
2012-11-20,81.701431,81.707146,79.225716,80.129997,160688500,0.0,1.0
2012-11-21,80.60714,81.052856,79.514282,80.242859,93250500,0.0,1.0
2012-11-23,81.024284,81.714287,80.371429,81.64286,68206600,0.0,1.0
2012-11-26,82.271431,84.285713,81.958572,84.218575,157644900,0.0,1.0
2012-11-27,84.221428,84.345711,82.871429,83.540001,133332500,0.0,1.0
2012-11-28,82.46714,83.685715,81.751427,83.277145,130216100,0.0,1.0
2012-11-29,84.317146,84.89286,83.60714,84.194283,128674700,0.0,1.0
2012-11-30,83.827141,84.057144,83.239998,83.611427,97829900,0.0,1.0
2012-12-03,84.807144,84.941429,83.64286,83.741432,91070000,0.0,1.0
2012-12-04,83.114288,83.114288,81.732857,82.264282,139267100,0.0,1.0
2012-12-05,81.272858,81.321426,76.96714,76.970001,261159500,0.0,1.0
2012-12-06,75.562859,79.044289,74.089996,78.177139,294303100,0.0,1.0
2012-12-07,79.057144,79.314285,75.714287,76.178574,196760200,0.0,1.0
2012-12-10,75.0,76.93,74.511429,75.688568,157621100,0.0,1.0
2012-12-11,77.110001,78.508568,76.767143,77.341431,148086400,0.0,1.0
2012-12-12,78.252853,78.285713,76.610001,77.0,121786000,0.0,1.0
2012-12-13,75.878571,76.805717,75.114288,75.669998,156314900,0.0,1.0
2012-12-14,73.535713,74.01857,72.225716,72.827141,252394800,0.0,1.0
2012-12-17,72.704285,74.285713,71.604286,74.118568,189401800,0.0,1.0
2012-12-18,75.0,76.414284,74.321426,76.271431,156421300,0.0,1.0
2012-12-19,75.924286,76.242859,75.071426,75.187141,112342300,0.0,1.0
2012-12-20,75.714287,75.742859,74.125717,74.53286,120422400,0.0,1.0
2012-12-21,73.209999,74.238571,72.891426,74.190002,149067100,0.0,1.0
2012-12-24,74.335716,74.89286,74.101425,74.309998,43938300,0.0,1.0
2012-12-26,74.14286,74.208572,73.017143,73.285713,75609100,0.0,1.0
2012-12-27,73.362854,73.75,72.094284,73.580002,113780100,0.0,1.0
2012-12-28,72.898575,73.497147,72.58857,72.798569,88569600,0.0,1.0
2012-12-31,72.932854,76.485718,72.714287,76.024284,164873100,0.0,1.0
2013-01-02,79.117142,79.285713,77.375717,78.432854,140129500,0.0,1.0
2013-01-03,78.26857,78.524284,77.285713,77.442856,88241300,0.0,1.0
2013-01-04,76.709999,76.947144,75.118568,75.285713,148583400,0.0,1.0
2013-01-07,74.571426,75.614288,73.599998,74.842857,121039100,0.0,1.0
2013-01-08,75.601425,75.984283,74.464287,75.044289,114676800,0.0,1.0
2013-01-09,74.64286,75.001427,73.71286,73.871429,101901100,0.0,1.0
2013-01-10,75.507141,75.531425,73.645714,74.78714,150286500,0.0,1.0
2013-01-11,74.428574,75.045715,74.145714,74.328575,87626700,0.0,1.0
2013-01-14,71.811432,72.5,71.215714,71.678574,183551900,0.0,1.0
2013-01-15,71.185715,71.284286,69.054283,69.417145,219193100,0.0,1.0
2013-01-16,70.662857,72.777145,70.35714,72.298569,172701200,0.0,1.0
2013-01-17,72.901428,72.964287,71.718575,71.811432,113419600,0.0,1.0
2013-01-18,71.21714,71.745712,70.914284,71.428574,118230700,0.0,1.0
2013-01-22,72.080002,72.554283,70.947144,72.110001,115386600,0.0,1.0
2013-01-23,72.687141,73.57,72.110001,73.43,215377400,0.0,1.0
2013-01-24,65.714287,66.53286,64.321426,64.35714,365213100,0.0,1.0
2013-01-25,64.527145,65.175713,62.142857,62.84,302006600,0.0,1.0
2013-01-28,62.547142,64.744286,62.265713,64.261429,196379400,0.0,1.0
2013-01-29,65.5,65.742859,64.58857,65.46714,142789500,0.0,1.0
2013-01-30,65.285713,66.085716,64.928574,65.261429,104288800,0.0,1.0
2013-01-31,65.28286,65.611427,64.997147,65.07,79833600,0.0,1.0
2013-02-01,65.587143,65.639999,64.050003,64.802856,134871100,0.0,1.0
2013-02-04,64.844284,65.134285,63.142857,63.188572,119279300,0.0,1.0
2013-02-05,63.435715,65.677139,63.174286,65.405716,143336900,0.0,1.0
2013-02-06,65.209999,66.64286,64.654289,65.335716,148426600,0.0,1.0
2013-02-07,66.178574,67.14286,64.874283,66.888573,176145200,0.37857,1.0
2013-02-08,67.714287,68.401428,66.89286,67.854286,158289600,0.0,1.0
2013-02-11,68.071426,69.277145,67.60714,68.561432,129372600,0.0,1.0
2013-02-12,68.501427,68.91143,66.82,66.842857,152263300,0.0,1.0
2013-02-13,66.744286,67.662857,66.174286,66.715714,118801900,0.0,1.0
2013-02-14,66.360001,67.377144,66.288574,66.655716,88818800,0.0,1.0
2013-02-15,66.978569,67.165718,65.702858,65.737144,97936300,0.0,1.0
2013-02-19,65.871429,66.104286,64.835716,65.71286,108945900,0.0,1.0
2013-02-20,65.384285,65.384285,64.114288,64.121429,119075600,0.0,1.0
2013-02-21,63.714287,64.167145,63.259998,63.722858,111795600,0.0,1.0
2013-02-22,64.178574,64.514282,63.799999,64.401428,82663700,0.0,1.0
2013-02-25,64.835716,65.017143,63.224285,63.257141,93144800,0.0,1.0
2013-02-26,63.402859,64.505714,62.522858,64.138573,125374900,0.0,1.0
2013-02-27,64.061432,64.634285,62.950001,63.509998,146837600,0.0,1.0
2013-02-28,63.435715,63.98143,63.057144,63.057144,80628800,0.0,1.0
2013-03-01,62.57143,62.597141,61.425713,61.495716,138112100,0.0,1.0
2013-03-04,61.114285,61.171429,59.857143,60.007141,145688900,0.0,1.0
2013-03-05,60.21143,62.169998,60.107143,61.591427,159608400,0.0,1.0
2013-03-06,62.072857,62.17857,60.632858,60.808571,115062500,0.0,1.0
2013-03-07,60.642857,61.715714,60.151428,61.511429,117118400,0.0,1.0
2013-03-08,61.400002,62.204285,61.23,61.674286,97870500,0.0,1.0
2013-03-11,61.392857,62.715714,60.734287,62.552856,118559000,0.0,1.0
2013-03-12,62.228573,62.697144,61.081429,61.204285,116477900,0.0,1.0
2013-03-13,61.207142,62.07143,60.765713,61.192856,101387300,0.0,1.0
2013-03-14,61.832859,62.091427,61.492859,61.785713,75968900,0.0,1.0
2013-03-15,62.561428,63.46143,62.464287,63.380001,160990200,0.0,1.0
2013-03-18,63.064285,65.351425,63.028572,65.102859,151549300,0.0,1.0
2013-03-19,65.64286,65.852859,64.071426,64.927139,131693800,0.0,1.0
2013-03-20,65.345711,65.375717,64.227142,64.582855,77165200,0.0,1.0
2013-03-21,64.317146,65.425713,64.300003,64.675713,95813900,0.0,1.0
2013-03-22,64.940002,66.014282,64.730003,65.987144,98776300,0.0,1.0
2013-03-25,66.384285,67.135712,65.968575,66.225716,125283900,0.0,1.0
2013-03-26,66.491432,66.548569,65.790001,65.877144,73573500,0.0,1.0
2013-03-27,65.208572,65.257141,64.389999,64.582855,82809300,0.0,1.0
2013-03-28,64.260002,64.545715,63.08857,63.237144,110709900,0.0,1.0
2013-04-01,63.128571,63.385715,61.105713,61.272858,97433000,0.0,1.0
2013-04-02,61.085712,62.591427,60.914288,61.398571,132379800,0.0,1.0
2013-04-03,61.624287,62.468571,61.472858,61.712856,90804000,0.0,1.0
2013-04-04,61.965714,62.142857,60.75,61.102856,89611900,0.0,1.0
2013-04-05,60.642857,60.707142,59.954285,60.457142,95923800,0.0,1.0
2013-04-08,60.692856,61.07143,60.355713,60.887142,75207300,0.0,1.0
2013-04-09,60.908573,61.214287,60.392857,60.997143,76653500,0.0,1.0
2013-04-10,61.157143,62.437141,60.85857,62.241428,93982000,0.0,1.0
2013-04-11,61.959999,62.57,61.599998,62.047142,82091100,0.0,1.0
2013-04-12,62.021427,62.021427,61.298573,61.400002,59653300,0.0,1.0
2013-04-15,61.0,61.127144,59.935715,59.978573,79380000,0.0,1.0
2013-04-16,60.224285,60.944286,60.081429,60.89143,76442800,0.0,1.0
2013-04-17,60.03857,60.085712,56.872856,57.542858,236264000,0.0,1.0
2013-04-18,57.855713,57.970001,55.677143,56.007141,166574800,0.0,1.0
2013-04-19,55.424286,57.085712,55.014286,55.790001,152318600,0.0,1.0
2013-04-22,56.091427,57.457142,55.895714,56.952858,107480100,0.0,1.0
2013-04-23,57.712856,58.34,56.972858,58.01857,166059600,0.0,1.0
2013-04-24,56.220001,59.32143,56.07143,57.922855,242412800,0.0,1.0
2013-04-25,58.747143,59.134285,58.142857,58.34,96209400,0.0,1.0
2013-04-26,58.544285,59.824287,58.32143,59.599998,191024400,0.0,1.0
2013-04-29,60.064285,61.945713,60.0,61.445713,160081600,0.0,1.0
2013-04-30,62.157143,63.607143,61.724285,63.254284,172884600,0.0,1.0
2013-05-01,63.494286,63.561428,62.055714,62.755714,126727300,0.0,1.0
2013-05-02,63.111427,64.084282,62.947144,63.645714,105457100,0.0,1.0
2013-05-03,64.472855,64.747147,64.164284,64.28286,90325200,0.0,1.0
2013-05-06,65.101425,66.028572,64.901428,65.815712,124160400,0.0,1.0
2013-05-07,66.424286,66.535713,64.814285,65.522858,120938300,0.0,1.0
2013-05-08,65.577141,66.48143,65.115715,66.262856,118149500,0.0,1.0
2013-05-09,65.687141,66.14286,65.082855,65.252853,99621900,0.43571,1.0
2013-05-10,65.424286,65.672859,64.354286,64.709999,83713000,0.0,1.0
2013-05-13,64.501427,65.414284,64.5,64.96286,79237200,0.0,1.0
2013-05-14,64.835716,65.028572,63.164288,63.408573,111779500,0.0,1.0
2013-05-15,62.737144,63.0,60.337143,61.264286,185403400,0.0,1.0
2013-05-16,60.462856,62.549999,59.842857,62.082859,150801000,0.0,1.0
2013-05-17,62.721428,62.869999,61.572857,61.894287,106976100,0.0,1.0
2013-05-20,61.701427,63.685715,61.442856,63.275715,112894600,0.0,1.0
2013-05-21,62.592857,63.639999,62.028572,62.808571,114005500,0.0,1.0
2013-05-22,63.435715,64.050003,62.602856,63.049999,110759600,0.0,1.0
2013-05-23,62.278572,63.737144,62.255714,63.162857,88255300,0.0,1.0
2013-05-24,62.978573,63.665714,62.908573,63.592857,69041700,0.0,1.0
2013-05-28,64.271431,64.444283,62.978573,63.062859,96536300,0.0,1.0
2013-05-29,62.857143,63.92857,62.771427,63.564285,82644100,0.0,1.0
2013-05-30,63.664288,64.928574,63.501427,64.511429,88379900,0.0,1.0
2013-05-31,64.64286,65.300003,64.214287,64.247147,96075700,0.0,1.0
2013-06-03,64.389999,64.622856,63.21143,64.388573,93088100,0.0,1.0
2013-06-04,64.745712,64.918571,63.912857,64.187141,73182200,0.0,1.0
2013-06-05,63.664288,64.388573,63.387142,63.587143,72647400,0.0,1.0
2013-06-06,63.638573,63.857143,62.007141,62.637142,104233500,0.0,1.0
2013-06-07,62.357143,63.32,61.824287,63.115715,101133900,0.0,1.0
2013-06-10,63.532856,64.154289,62.400002,62.69857,112538300,0.0,1.0
2013-06-11,62.248573,63.251427,61.902859,62.514286,71528100,0.0,1.0
2013-06-12,62.785713,63.035713,61.642857,61.741428,66306800,0.0,1.0
2013-06-13,61.785713,62.44857,61.25,62.279999,71458100,0.0,1.0
2013-06-14,62.200001,62.327145,61.214287,61.435715,67966500,0.0,1.0
2013-06-17,61.634285,62.242859,61.48,61.714287,64853600,0.0,1.0
2013-06-18,61.651428,62.128571,61.458572,61.681427,48756400,0.0,1.0
2013-06-19,61.628571,61.665714,60.42857,60.42857,77735000,0.0,1.0
2013-06-20,59.900002,60.854286,59.310001,59.548573,89327700,0.0,1.0
2013-06-21,59.784286,60.0,58.299999,59.07143,120279600,0.0,1.0
2013-06-24,58.200001,58.380001,56.864285,57.505714,120186500,0.0,1.0
2013-06-25,57.957142,58.255714,56.975716,57.51857,78540700,0.0,1.0
2013-06-26,57.700001,57.827145,56.522858,56.867142,91931000,0.0,1.0
2013-06-27,57.035713,57.341427,56.220001,56.254284,84311500,0.0,1.0
2013-06-28,55.908573,57.181427,55.552856,56.647144,144629100,0.0,1.0
2013-07-01,57.527142,58.895714,57.317142,58.459999,97763400,0.0,1.0
2013-07-02,58.565716,60.232857,58.495716,59.784286,117466300,0.0,1.0
2013-07-03,60.122856,60.425713,59.635715,60.114285,60232200,0.0,1.0
2013-07-05,60.055714,60.470001,59.335712,59.631428,68506200,0.0,1.0
2013-07-08,60.015713,60.142857,58.664288,59.292858,74534600,0.0,1.0
2013-07-09,59.085712,60.5,58.625713,60.335712,88146100,0.0,1.0
2013-07-10,59.942856,60.685715,59.75,60.104286,70351400,0.0,1.0
2013-07-11,60.421429,61.17857,60.167141,61.041428,81573100,0.0,1.0
2013-07-12,61.092857,61.398571,60.487144,60.93,69890800,0.0,1.0
2013-07-15,60.715714,61.637142,60.685715,61.062859,60479300,0.0,1.0
2013-07-16,60.931427,61.529999,60.595715,61.457142,54134500,0.0,1.0
2013-07-17,61.385715,61.745716,61.174286,61.472858,49747600,0.0,1.0
2013-07-18,61.91143,62.124287,61.515713,61.68,54719700,0.0,1.0
2013-07-19,61.871429,61.997143,60.621429,60.707142,67180400,0.0,1.0
2013-07-22,61.351429,61.392857,60.781429,60.901428,51949100,0.0,1.0
2013-07-23,60.857143,60.994286,59.815716,59.855713,92348900,0.0,1.0
2013-07-24,62.704285,63.512856,62.18,62.93,147984200,0.0,1.0
2013-07-25,62.957142,63.057144,62.258572,62.642857,57373400,0.0,1.0
2013-07-26,62.185715,63.005714,62.048573,62.998573,50038100,0.0,1.0
2013-07-29,62.971428,64.284286,62.885715,63.970001,62014400,0.0,1.0
2013-07-30,64.279999,65.307144,64.175713,64.760002,77355600,0.0,1.0
2013-07-31,64.998573,65.334282,64.204285,64.647141,80739400,0.0,1.0
2013-08-01,65.10714,65.257141,64.751427,65.239998,51562700,0.0,1.0
2013-08-02,65.43,66.121429,65.237144,66.077141,68695900,0.0,1.0
2013-08-05,66.384285,67.238571,66.021431,67.064285,79713900,0.0,1.0
2013-08-06,66.860001,67.412857,66.024284,66.464287,83714400,0.0,1.0
2013-08-07,66.257141,66.714287,65.96714,66.425713,74714500,0.0,1.0
2013-08-08,66.265717,66.300003,65.421425,65.858574,63944300,0.43571,1.0
2013-08-09,65.519997,65.779999,64.807144,64.921425,66716300,0.0,1.0
2013-08-12,65.265717,66.949997,65.232857,66.765717,91108500,0.0,1.0
2013-08-13,67.277145,70.665718,66.864288,69.938568,220485300,0.0,1.0
2013-08-14,71.125717,72.035713,70.485718,71.214287,189093100,0.0,1.0
2013-08-15,70.917145,71.771431,69.868568,71.129997,122573500,0.0,1.0
2013-08-16,71.449997,71.848572,71.265717,71.761429,90576500,0.0,1.0
2013-08-19,72.048569,73.391426,72.0,72.534286,127629600,0.0,1.0
2013-08-20,72.815712,72.938568,71.545715,71.581429,89672100,0.0,1.0
2013-08-21,71.941429,72.449997,71.599998,71.765717,83969900,0.0,1.0
2013-08-22,72.139999,72.227142,71.171425,71.851425,61051900,0.0,1.0
2013-08-23,71.895714,71.907143,71.335716,71.574287,55682900,0.0,1.0
2013-08-26,71.535713,72.885712,71.5,71.852859,82741400,0.0,1.0
2013-08-27,71.14286,71.78714,69.471428,69.798569,106047200,0.0,1.0
2013-08-28,69.428574,70.828575,69.428574,70.128571,76902000,0.0,1.0
2013-08-29,70.235718,70.928574,70.16143,70.242859,59914400,0.0,1.0
2013-08-30,70.285713,70.421425,69.5,69.602859,68074300,0.0,1.0
2013-09-03,70.442856,71.514282,69.621429,69.797142,82982200,0.0,1.0
2013-09-04,71.365715,71.748573,70.897141,71.241432,86258200,0.0,1.0
2013-09-05,71.464287,71.525711,70.519997,70.752853,59091900,0.0,1.0
2013-09-06,71.205711,71.339996,69.992859,71.174286,89881400,0.0,1.0
2013-09-09,72.14286,72.559998,71.925713,72.309998,85171800,0.0,1.0
2013-09-10,72.314285,72.492859,69.928574,70.662857,185798900,0.0,1.0
2013-09-11,66.715714,67.669998,66.401428,66.815712,224674100,0.0,1.0
2013-09-12,66.928574,67.914284,66.572861,67.527145,101012800,0.0,1.0
2013-09-13,67.048569,67.404289,66.385712,66.414284,74708900,0.0,1.0
2013-09-16,65.85714,65.944283,63.888573,64.302856,135926700,0.0,1.0
2013-09-17,63.994286,65.672859,63.92857,65.045715,99845200,0.0,1.0
2013-09-18,66.168571,66.621429,65.808571,66.382858,114215500,0.0,1.0
2013-09-19,67.242859,67.975716,67.035713,67.471428,101135300,0.0,1.0
2013-09-20,68.285713,68.364288,66.571426,66.772858,174825700,0.0,1.0
2013-09-23,70.871429,70.987144,68.942856,70.091431,190526700,0.0,1.0
2013-09-24,70.697144,70.781425,69.688568,69.871429,91086100,0.0,1.0
2013-09-25,69.885712,69.94857,68.775711,68.790001,79239300,0.0,1.0
2013-09-26,69.428574,69.794289,69.128571,69.459999,59305400,0.0,1.0
2013-09-27,69.111427,69.238571,68.674286,68.964287,57010100,0.0,1.0
2013-09-30,68.178574,68.808571,67.772858,68.10714,65039100,0.0,1.0
2013-10-01,68.349998,69.877144,68.339996,69.708572,88470900,0.0,1.0
2013-10-02,69.375717,70.257141,69.10714,69.937141,72296000,0.0,1.0
2013-10-03,70.072861,70.335716,68.677139,69.058571,80688300,0.0,1.0
2013-10-04,69.122856,69.228569,68.371429,69.004288,64717100,0.0,1.0
2013-10-07,69.508568,70.378571,69.335716,69.678574,78073100,0.0,1.0
2013-10-08,69.991432,70.091431,68.648575,68.705711,72729300,0.0,1.0
2013-10-09,69.234283,69.684288,68.325714,69.512856,75431300,0.0,1.0
2013-10-10,70.188568,70.339996,69.577141,69.94857,69650700,0.0,1.0
2013-10-11,69.57,70.548569,69.308571,70.401428,66934700,0.0,1.0
2013-10-14,69.975716,71.082855,69.907143,70.862854,65474500,0.0,1.0
2013-10-15,71.072861,71.714287,70.788574,71.239998,80018400,0.0,1.0
2013-10-16,71.541428,71.790001,71.318573,71.587143,62775300,0.0,1.0
2013-10-17,71.425713,72.111427,71.382858,72.071426,63398300,0.0,1.0
2013-10-18,72.284286,72.751427,72.244286,72.69857,72635500,0.0,1.0
2013-10-21,73.110001,74.900002,73.074287,74.480003,99526700,0.0,1.0
2013-10-22,75.201431,75.492859,72.575714,74.267143,133515900,0.0,1.0
2013-10-23,74.14286,75.095711,74.14286,74.994286,78430800,0.0,1.0
2013-10-24,75.0,76.067146,74.635712,75.987144,96191200,0.0,1.0
2013-10-25,75.902855,76.175713,75.015717,75.137146,84448000,0.0,1.0
2013-10-28,75.577141,75.85714,74.744286,75.697144,137610200,0.0,1.0
2013-10-29,76.610001,77.035713,73.505714,73.811432,158951800,0.0,1.0
2013-10-30,74.230003,75.360001,73.860001,74.985718,88540900,0.0,1.0
2013-10-31,75.0,75.355713,74.46714,74.671425,68924100,0.0,1.0
2013-11-01,74.860001,74.971428,73.691429,74.290001,68722500,0.0,1.0
2013-11-04,74.442856,75.260002,74.115715,75.25,61156900,0.0,1.0
2013-11-05,74.940002,75.555717,74.714287,75.064285,66303300,0.0,1.0
2013-11-06,74.878571,74.980003,74.028572,74.417145,55843900,0.43571,1.0
2013-11-07,74.225716,74.741432,73.197144,73.21286,65655100,0.0,1.0
2013-11-08,73.511429,74.447144,73.227142,74.365715,69829200,0.0,1.0
2013-11-11,74.284286,74.524284,73.487144,74.150002,56863100,0.0,1.0
2013-11-12,73.952858,74.845711,73.85714,74.28714,51069200,0.0,1.0
2013-11-13,74.0,74.60714,73.851425,74.375717,49305200,0.0,1.0
2013-11-14,74.687141,75.611427,74.552856,75.451431,70604800,0.0,1.0
2013-11-15,75.225716,75.584282,74.927139,74.998573,79480100,0.0,1.0
2013-11-18,74.998573,75.312859,74.028572,74.089996,61236000,0.0,1.0
2013-11-19,74.147141,74.76857,73.995712,74.221428,52234700,0.0,1.0
2013-11-20,74.175713,74.345711,73.475716,73.571426,48479200,0.0,1.0
2013-11-21,73.942856,74.458572,73.381432,74.44857,65506700,0.0,1.0
2013-11-22,74.21714,74.594284,74.075714,74.257141,55931400,0.0,1.0
2013-11-25,74.431427,75.124283,74.428574,74.82,57327900,0.0,1.0
2013-11-26,74.874283,76.591431,74.85714,76.199997,100345700,0.0,1.0
2013-11-27,76.615715,78.0,76.199997,77.994286,90862100,0.0,1.0
2013-11-29,78.497147,79.761429,78.258568,79.438568,79531900,0.0,1.0
2013-12-02,79.714287,80.618568,78.688568,78.747147,118136200,0.0,1.0
2013-12-03,79.757141,80.91143,79.668571,80.902855,112742000,0.0,1.0
2013-12-04,80.785713,81.312859,80.117142,80.714287,94452400,0.0,1.0
2013-12-05,81.807144,82.162857,80.915718,81.128571,111895000,0.0,1.0
2013-12-06,80.827141,80.964287,79.938568,80.002853,86088100,0.0,1.0
2013-12-09,80.128571,81.368568,80.128571,80.918571,80123400,0.0,1.0
2013-12-10,80.511429,81.125717,80.171425,80.792854,69567400,0.0,1.0
2013-12-11,81.0,81.567146,79.955711,80.194283,89929700,0.0,1.0
2013-12-12,80.305717,80.762856,80.004288,80.077141,65572500,0.0,1.0
2013-12-13,80.407143,80.41143,79.095711,79.204285,83205500,0.0,1.0
2013-12-16,79.288574,80.377144,79.28714,79.64286,70648200,0.0,1.0
2013-12-17,79.401428,79.919998,79.054283,79.284286,57475600,0.0,1.0
2013-12-18,78.528572,78.778572,76.971428,78.681427,141465800,0.0,1.0
2013-12-19,78.5,78.571426,77.675713,77.779999,80077200,0.0,1.0
2013-12-20,77.918571,78.80143,77.831429,78.431427,109103400,0.0,1.0
2013-12-23,81.14286,81.531425,80.394287,81.441429,125326600,0.0,1.0
2013-12-24,81.412857,81.697144,80.861427,81.095711,41888700,0.0,1.0
2013-12-26,81.157143,81.35714,80.482857,80.557144,51002000,0.0,1.0
2013-12-27,80.545715,80.629997,79.928574,80.012856,56471100,0.0,1.0
2013-12-30,79.637146,80.012856,78.902855,79.21714,63407400,0.0,1.0
2013-12-31,79.167145,80.182854,79.14286,80.145714,55771100,0.0,1.0
2014-01-02,79.382858,79.575714,78.860001,79.01857,58671200,0.0,1.0
2014-01-03,78.980003,79.099998,77.204285,77.28286,98116900,0.0,1.0
2014-01-06,76.778572,78.114288,76.228569,77.704285,103152700,0.0,1.0
2014-01-07,77.760002,77.994286,76.845711,77.148575,79302300,0.0,1.0
2014-01-08,76.972855,77.937141,76.955711,77.637146,64632400,0.0,1.0
2014-01-09,78.114288,78.122856,76.478569,76.645714,69787200,0.0,1.0
2014-01-10,77.118568,77.257141,75.872856,76.134285,76244000,0.0,1.0
2014-01-13,75.701431,77.5,75.697144,76.53286,94623200,0.0,1.0
2014-01-14,76.888573,78.104286,76.808571,78.055717,83140400,0.0,1.0
2014-01-15,79.074287,80.028572,78.808571,79.622856,97909700,0.0,1.0
2014-01-16,79.271431,79.550003,78.811432,79.178574,57319500,0.0,1.0
2014-01-17,78.78286,78.867142,77.128571,77.238571,106684900,0.0,1.0
2014-01-21,77.284286,78.581429,77.202858,78.438568,82131700,0.0,1.0
2014-01-22,78.701431,79.612854,78.258568,78.78714,94996300,0.0,1.0
2014-01-23,78.562859,79.5,77.830002,79.454285,100809800,0.0,1.0
2014-01-24,79.14286,79.374283,77.821426,78.010002,107338700,0.0,1.0
2014-01-27,78.581429,79.257141,77.964287,78.64286,138719700,0.0,1.0
2014-01-28,72.68,73.571426,71.724289,72.35714,266380800,0.0,1.0
2014-01-29,71.992859,72.48143,71.23143,71.535713,125702500,0.0,1.0
2014-01-30,71.791428,72.35714,70.957146,71.397141,169625400,0.0,1.0
2014-01-31,70.739998,71.647141,70.507141,71.514282,116199300,0.0,1.0
2014-02-03,71.80143,72.53286,71.328575,71.647141,100366000,0.0,1.0
2014-02-04,72.264282,72.779999,71.822861,72.684288,94170300,0.0,1.0
2014-02-05,72.365715,73.611427,72.321426,73.227142,82086200,0.0,1.0
2014-02-06,72.865715,73.35714,72.544289,73.215714,64441300,0.43571,1.0
2014-02-07,74.482857,74.704285,73.91143,74.239998,92570100,0.0,1.0
2014-02-10,74.094284,75.998573,74.0,75.57,86389800,0.0,1.0
2014-02-11,75.80143,76.821426,75.64286,76.565712,70564200,0.0,1.0
2014-02-12,76.707146,77.080002,76.177139,76.559998,77025200,0.0,1.0
2014-02-13,76.379997,77.835716,76.314285,77.775711,76849500,0.0,1.0
2014-02-14,77.495712,77.997147,77.315712,77.71286,68231100,0.0,1.0
2014-02-18,78.0,78.741432,77.944283,77.998573,65062900,0.0,1.0
2014-02-19,77.821426,78.127144,76.335716,76.767143,78442000,0.0,1.0
2014-02-20,76.141426,76.714287,75.571426,75.878571,76464500,0.0,1.0
2014-02-21,76.112854,76.367142,74.942856,75.035713,69696200,0.0,1.0
2014-02-24,74.735718,75.702858,74.631432,75.364288,72227400,0.0,1.0
2014-02-25,75.625717,75.652855,74.428574,74.580002,57988000,0.0,1.0
2014-02-26,74.80143,75.0,73.657143,73.907143,69054300,0.0,1.0
2014-02-27,73.877144,75.540001,73.721428,75.381432,75470500,0.0,1.0
2014-02-28,75.582855,76.10714,74.58857,75.177139,92992200,0.0,1.0
2014-03-03,74.774284,75.807144,74.687141,75.394287,59695300,0.0,1.0
2014-03-04,75.85714,76.091431,75.395714,75.891426,64785000,0.0,1.0
2014-03-05,75.845711,76.39286,75.589996,76.05143,50015700,0.0,1.0
2014-03-06,76.112854,76.348572,75.442856,75.821426,46372200,0.0,1.0
2014-03-07,75.870003,75.997147,75.150002,75.777145,55182400,0.0,1.0
2014-03-10,75.480003,76.190002,75.477142,75.845711,44646000,0.0,1.0
2014-03-11,76.492859,76.96286,76.084282,76.584282,69806100,0.0,1.0
2014-03-12,76.358574,76.764282,76.0,76.658569,49831600,0.0,1.0
2014-03-13,76.777145,77.094284,75.594284,75.807144,64435700,0.0,1.0
2014-03-14,75.541428,75.841431,74.714287,74.955711,59299800,0.0,1.0
2014-03-17,75.385712,75.709999,75.121429,75.248573,49886200,0.0,1.0
2014-03-18,75.128571,75.995712,75.028572,75.914284,52411800,0.0,1.0
2014-03-19,76.03714,76.605713,75.571426,75.894287,56189000,0.0,1.0
2014-03-20,75.69857,76.095711,75.335716,75.528572,52099600,0.0,1.0
2014-03-21,75.989998,76.25,75.190002,76.124283,93511600,0.0,1.0
2014-03-24,76.917145,77.214287,76.437141,77.027145,88925200,0.0,1.0
2014-03-25,77.35714,77.964287,77.084282,77.855713,70573300,0.0,1.0
2014-03-26,78.074287,78.428574,76.980003,77.111427,74942000,0.0,1.0
2014-03-27,77.145714,77.35714,76.445717,76.779999,55507900,0.0,1.0
2014-03-28,76.902855,76.991432,76.321426,76.694283,50141000,0.0,1.0
2014-03-31,77.03286,77.258568,76.561432,76.677139,42167300,0.0,1.0
2014-04-01,76.822861,77.410004,76.681427,77.378571,50190000,0.0,1.0
2014-04-02,77.482857,77.639999,77.18,77.507141,45105200,0.0,1.0
2014-04-03,77.341431,77.5,76.805717,76.970001,40586000,0.0,1.0
2014-04-04,77.115715,77.14286,75.797142,75.974289,68812800,0.0,1.0
2014-04-07,75.431427,75.842857,74.555717,74.781425,72462600,0.0,1.0
2014-04-08,75.027145,75.160004,74.099998,74.777145,60972100,0.0,1.0
2014-04-09,74.662857,75.784286,74.574287,75.760002,51542400,0.0,1.0
2014-04-10,75.811432,76.034286,74.738571,74.78286,59913000,0.0,1.0
2014-04-11,74.14286,74.690002,73.877144,74.230003,67929400,0.0,1.0
2014-04-14,74.557144,74.594284,73.887146,74.525711,51418500,0.0,1.0
2014-04-15,74.324287,74.519997,73.047142,73.994286,66622500,0.0,1.0
2014-04-16,74.007141,74.441429,73.44857,74.144287,53691400,0.0,1.0
2014-04-17,74.285713,75.394287,74.171425,74.991432,71083600,0.0,1.0
2014-04-21,75.048569,76.019997,74.851425,75.881432,45637200,0.0,1.0
2014-04-22,75.472855,75.975716,75.214287,75.957146,50640800,0.0,1.0
2014-04-23,75.580002,75.875717,74.921425,74.964287,98735000,0.0,1.0
2014-04-24,81.172859,81.428574,80.104286,81.110001,189977900,0.0,1.0
2014-04-25,80.647141,81.71286,80.565712,81.705711,97568800,0.0,1.0
2014-04-28,81.828575,85.10714,81.792854,84.870003,167371400,0.0,1.0
2014-04-29,84.82,85.139999,84.215714,84.618568,84344400,0.0,1.0
2014-04-30,84.662857,85.632858,84.257141,84.298569,114160200,0.0,1.0
2014-05-01,84.571426,84.971428,83.765717,84.497147,61012000,0.0,1.0
2014-05-02,84.620003,84.885712,84.244286,84.654289,47878600,0.0,1.0
2014-05-05,84.305717,85.85714,84.285713,85.851425,71766800,0.0,1.0
2014-05-06,85.971428,86.344284,84.915718,84.915718,93641100,0.0,1.0
2014-05-07,85.035713,85.327141,83.961426,84.618568,70716100,0.0,1.0
2014-05-08,84.035713,84.915718,83.771431,83.998573,57574300,0.47,1.0
2014-05-09,83.505714,83.75,82.904289,83.648575,72899400,0.0,1.0
2014-05-12,83.927139,84.808571,83.914284,84.690002,53302200,0.0,1.0
2014-05-13,84.571426,84.934288,84.385712,84.822861,39934300,0.0,1.0
2014-05-14,84.632858,85.342857,84.534286,84.83857,41601000,0.0,1.0
2014-05-15,84.957146,85.228569,84.005714,84.117142,57711500,0.0,1.0
2014-05-16,84.089996,85.361427,83.628571,85.358574,69064100,0.0,1.0
2014-05-19,85.407143,86.761429,85.332855,86.370003,79438800,0.0,1.0
2014-05-20,86.358574,86.628571,85.818573,86.387146,58709000,0.0,1.0
2014-05-21,86.261429,86.671425,86.008568,86.615715,49214900,0.0,1.0
2014-05-22,86.657143,87.121429,86.300003,86.752853,50190000,0.0,1.0
2014-05-23,86.75,87.818573,86.638573,87.732857,58052400,0.0,1.0
2014-05-27,87.982857,89.408569,87.947144,89.375717,87216500,0.0,1.0
2014-05-28,89.431427,89.975716,89.111427,89.144287,78870400,0.0,1.0
2014-05-29,89.692856,90.98143,89.681427,90.76857,94118500,0.0,1.0
2014-05-30,91.139999,92.024284,89.842857,90.428574,141005200,0.0,1.0
2014-06-02,90.565712,90.690002,88.928574,89.807144,92337700,0.0,1.0
2014-06-03,89.779999,91.248573,89.75,91.077141,73177300,0.0,1.0
2014-06-04,91.062859,92.555717,90.872856,92.117142,83870500,0.0,1.0
2014-06-05,92.314285,92.767143,91.80143,92.478569,75951400,0.0,1.0
2014-06-06,92.842857,93.03714,92.067146,92.224289,87484600,0.0,1.0
2014-06-09,92.699997,93.879997,91.75,93.699997,75415000,0.0,7.0
2014-06-10,94.730003,95.050003,93.57,94.25,62777000,0.0,1.0
2014-06-11,94.129997,94.760002,93.470001,93.860001,45681000,0.0,1.0
2014-06-12,94.040001,94.120003,91.900002,92.290001,54749000,0.0,1.0
2014-06-13,92.199997,92.440002,90.879997,91.279999,54525000,0.0,1.0
2014-06-16,91.510002,92.75,91.449997,92.199997,35561000,0.0,1.0
2014-06-17,92.309998,92.699997,91.800003,92.080002,29726000,0.0,1.0
2014-06-18,92.269997,92.290001,91.349998,92.18,33514000,0.0,1.0
2014-06-19,92.290001,92.300003,91.339996,91.860001,35528000,0.0,1.0
2014-06-20,91.849998,92.550003,90.900002,90.910004,100898000,0.0,1.0
2014-06-23,91.32,91.620003,90.599998,90.830002,43694000,0.0,1.0
2014-06-24,90.75,91.739998,90.190002,90.279999,39036000,0.0,1.0
2014-06-25,90.209999,90.699997,89.650002,90.360001,36869000,0.0,1.0
2014-06-26,90.370003,91.050003,89.800003,90.900002,32629000,0.0,1.0
2014-06-27,90.82,92.0,90.769997,91.980003,64029000,0.0,1.0
2014-06-30,92.099998,93.730003,92.089996,92.93,49482300,0.0,1.0
2014-07-01,93.519997,94.07,93.129997,93.519997,38223000,0.0,1.0
2014-07-02,93.870003,94.059998,93.089996,93.480003,28465000,0.0,1.0
2014-07-03,93.669998,94.099998,93.199997,94.029999,22891800,0.0,1.0
2014-07-07,94.139999,95.989998,94.099998,95.970001,56468000,0.0,1.0
2014-07-08,96.269997,96.800003,93.919998,95.349998,65222000,0.0,1.0
2014-07-09,95.440002,95.949997,94.760002,95.389999,36436000,0.0,1.0
2014-07-10,93.760002,95.550003,93.519997,95.040001,39686000,0.0,1.0
2014-07-11,95.360001,95.889999,94.860001,95.220001,34018000,0.0,1.0
2014-07-14,95.860001,96.889999,95.650002,96.449997,42810000,0.0,1.0
2014-07-15,96.800003,96.849998,95.029999,95.32,45477900,0.0,1.0
2014-07-16,96.970001,97.099998,94.739998,94.779999,53396300,0.0,1.0
2014-07-17,95.029999,95.279999,92.57,93.089996,57298000,0.0,1.0
2014-07-18,93.620003,94.739998,93.019997,94.43,49988000,0.0,1.0
2014-07-21,94.989998,95.0,93.720001,93.940002,39079000,0.0,1.0
2014-07-22,94.68,94.889999,94.120003,94.720001,55197000,0.0,1.0
2014-07-23,95.419998,97.879997,95.169998,97.190002,92918000,0.0,1.0
2014-07-24,97.040001,97.32,96.419998,97.029999,45729000,0.0,1.0
2014-07-25,96.849998,97.839996,96.639999,97.669998,43469000,0.0,1.0
2014-07-28,97.82,99.239998,97.550003,99.019997,55318000,0.0,1.0
2014-07-29,99.330002,99.440002,98.25,98.379997,43143000,0.0,1.0
2014-07-30,98.440002,98.699997,97.669998,98.150002,33010000,0.0,1.0
2014-07-31,97.160004,97.449997,95.330002,95.599998,56843000,0.0,1.0
2014-08-01,94.900002,96.620003,94.809998,96.129997,48511000,0.0,1.0
2014-08-04,96.370003,96.580002,95.169998,95.589996,39958000,0.0,1.0
2014-08-05,95.360001,95.68,94.360001,95.120003,55933000,0.0,1.0
2014-08-06,94.75,95.480003,94.709999,94.959999,38558000,0.0,1.0
2014-08-07,94.93,95.949997,94.099998,94.480003,46711000,0.47,1.0
2014-08-08,94.260002,94.82,93.279999,94.739998,41865000,0.0,1.0
2014-08-11,95.269997,96.080002,94.839996,95.989998,36585000,0.0,1.0
2014-08-12,96.040001,96.879997,95.610001,95.970001,33795000,0.0,1.0
2014-08-13,96.150002,97.239998,96.040001,97.239998,31916000,0.0,1.0
2014-08-14,97.330002,97.57,96.800003,97.5,28116000,0.0,1.0
2014-08-15,97.900002,98.190002,96.860001,97.980003,48951000,0.0,1.0
2014-08-18,98.489998,99.370003,97.980003,99.160004,47572000,0.0,1.0
2014-08-19,99.410004,100.68,99.32,100.529999,69399000,0.0,1.0
2014-08-20,100.440002,101.089996,99.949997,100.57,52699000,0.0,1.0
2014-08-21,100.57,100.940002,100.110001,100.580002,33478000,0.0,1.0
2014-08-22,100.290001,101.470001,100.190002,101.32,44184000,0.0,1.0
2014-08-25,101.790001,102.169998,101.279999,101.540001,40270000,0.0,1.0
2014-08-26,101.419998,101.5,100.860001,100.889999,33152000,0.0,1.0
2014-08-27,101.019997,102.57,100.699997,102.129997,52369000,0.0,1.0
2014-08-28,101.589996,102.779999,101.559998,102.25,68460000,0.0,1.0
2014-08-29,102.860001,102.900002,102.199997,102.5,44595000,0.0,1.0
2014-09-02,103.059998,103.739998,102.720001,103.300003,53564000,0.0,1.0
2014-09-03,103.099998,103.199997,98.580002,98.940002,125421000,0.0,1.0
2014-09-04,98.849998,100.089996,97.790001,98.120003,85718000,0.0,1.0
2014-09-05,98.800003,99.389999,98.309998,98.970001,58457000,0.0,1.0
2014-09-08,99.300003,99.309998,98.050003,98.360001,46356700,0.0,1.0
2014-09-09,99.080002,103.080002,96.139999,97.989998,189846300,0.0,1.0
2014-09-10,98.010002,101.110001,97.760002,101.0,100869600,0.0,1.0
2014-09-11,100.410004,101.440002,99.620003,101.43,62353100,0.0,1.0
2014-09-12,101.209999,102.190002,101.080002,101.660004,62626100,0.0,1.0
2014-09-15,102.809998,103.050003,101.440002,101.629997,61316500,0.0,1.0
2014-09-16,99.800003,101.260002,98.889999,100.860001,66908100,0.0,1.0
2014-09-17,101.269997,101.800003,100.589996,101.580002,60926500,0.0,1.0
2014-09-18,101.93,102.349998,101.559998,101.790001,37299400,0.0,1.0
2014-09-19,102.290001,102.349998,100.5,100.959999,70902400,0.0,1.0
2014-09-22,101.800003,102.139999,100.580002,101.059998,52788400,0.0,1.0
2014-09-23,100.599998,102.940002,100.540001,102.639999,63402200,0.0,1.0
2014-09-24,102.160004,102.849998,101.199997,101.75,60171800,0.0,1.0
2014-09-25,100.510002,100.709999,97.720001,97.870003,100092000,0.0,1.0
2014-09-26,98.529999,100.75,98.400002,100.75,62370500,0.0,1.0
2014-09-29,98.650002,100.440002,98.629997,100.110001,49766300,0.0,1.0
2014-09-30,100.809998,101.540001,100.529999,100.75,55264100,0.0,1.0
2014-10-01,100.589996,100.690002,98.699997,99.18,51491300,0.0,1.0
2014-10-02,99.269997,100.220001,98.040001,99.900002,47757800,0.0,1.0
2014-10-03,99.440002,100.209999,99.040001,99.620003,43469600,0.0,1.0
2014-10-06,99.949997,100.650002,99.419998,99.620003,37051200,0.0,1.0
2014-10-07,99.43,100.120003,98.730003,98.75,42094200,0.0,1.0
2014-10-08,98.760002,101.110001,98.309998,100.800003,57404700,0.0,1.0
2014-10-09,101.540001,102.379997,100.610001,101.019997,77376500,0.0,1.0
2014-10-10,100.690002,102.029999,100.300003,100.730003,66331600,0.0,1.0
2014-10-13,101.330002,101.779999,99.809998,99.809998,53583400,0.0,1.0
2014-10-14,100.389999,100.519997,98.57,98.75,63688600,0.0,1.0
2014-10-15,97.970001,99.150002,95.18,97.540001,100933600,0.0,1.0
2014-10-16,95.550003,97.720001,95.410004,96.260002,72154500,0.0,1.0
2014-10-17,97.5,99.0,96.809998,97.669998,68179700,0.0,1.0
2014-10-20,98.32,99.959999,98.220001,99.760002,77517300,0.0,1.0
2014-10-21,103.019997,103.019997,101.269997,102.470001,94623900,0.0,1.0
2014-10-22,102.839996,104.110001,102.599998,102.989998,68263100,0.0,1.0
2014-10-23,104.080002,105.050003,103.629997,104.830002,71074700,0.0,1.0
2014-10-24,105.18,105.489998,104.529999,105.220001,47053900,0.0,1.0
2014-10-27,104.849998,105.480003,104.699997,105.110001,34187700,0.0,1.0
2014-10-28,105.400002,106.739998,105.349998,106.739998,48060900,0.0,1.0
2014-10-29,106.650002,107.370003,106.360001,107.339996,52687900,0.0,1.0
2014-10-30,106.959999,107.349998,105.900002,106.980003,40654800,0.0,1.0
2014-10-31,108.010002,108.040001,107.209999,108.0,44639300,0.0,1.0
2014-11-03,108.220001,110.300003,108.010002,109.400002,52282600,0.0,1.0
2014-11-04,109.360001,109.489998,107.720001,108.599998,41574400,0.0,1.0
2014-11-05,109.099998,109.300003,108.129997,108.860001,37435900,0.0,1.0
2014-11-06,108.599998,108.790001,107.800003,108.699997,34968500,0.47,1.0
2014-11-07,108.75,109.32,108.550003,109.010002,33691500,0.0,1.0
2014-11-10,109.019997,109.330002,108.669998,108.830002,27195500,0.0,1.0
2014-11-11,108.699997,109.75,108.400002,109.699997,27442300,0.0,1.0
2014-11-12,109.379997,111.43,109.370003,111.25,46942400,0.0,1.0
2014-11-13,111.800003,113.449997,111.599998,112.82,59522900,0.0,1.0
2014-11-14,113.150002,114.190002,111.209999,114.18,44063600,0.0,1.0
2014-11-17,114.269997,117.279999,113.300003,113.989998,46746700,0.0,1.0
2014-11-18,113.940002,115.690002,113.889999,115.470001,44224000,0.0,1.0
2014-11-19,115.440002,115.739998,113.800003,114.669998,41869200,0.0,1.0
2014-11-20,114.910004,116.860001,114.849998,116.309998,43395500,0.0,1.0
2014-11-21,117.510002,117.57,116.029999,116.470001,57179300,0.0,1.0
2014-11-24,116.849998,118.769997,116.620003,118.629997,47450800,0.0,1.0
2014-11-25,119.07,119.75,117.449997,117.599998,68840400,0.0,1.0
2014-11-26,117.940002,119.099998,117.830002,119.0,40768300,0.0,1.0
2014-11-28,119.269997,119.400002,118.050003,118.93,24814400,0.0,1.0
2014-12-01,118.809998,119.25,111.269997,115.07,83814000,0.0,1.0
2014-12-02,113.5,115.75,112.75,114.629997,59348900,0.0,1.0
2014-12-03,115.75,116.349998,115.110001,115.93,43063400,0.0,1.0
2014-12-04,115.769997,117.199997,115.290001,115.489998,42044500,0.0,1.0
2014-12-05,115.989998,116.080002,114.639999,115.0,38318900,0.0,1.0
2014-12-08,114.099998,114.650002,111.620003,112.400002,57664900,0.0,1.0
2014-12-09,110.190002,114.300003,109.349998,114.120003,60208000,0.0,1.0
2014-12-10,114.410004,114.849998,111.540001,111.949997,44565300,0.0,1.0
2014-12-11,112.260002,113.800003,111.339996,111.620003,41401700,0.0,1.0
2014-12-12,110.459999,111.870003,109.580002,109.730003,56028100,0.0,1.0
2014-12-15,110.699997,111.599998,106.349998,108.230003,67218100,0.0,1.0
2014-12-16,106.370003,110.160004,106.260002,106.75,60790700,0.0,1.0
2014-12-17,107.120003,109.839996,106.82,109.410004,53411800,0.0,1.0
2014-12-18,111.870003,112.650002,110.660004,112.650002,59006200,0.0,1.0
2014-12-19,112.260002,113.239998,111.660004,111.779999,88429800,0.0,1.0
2014-12-22,112.160004,113.489998,111.970001,112.940002,45167500,0.0,1.0
2014-12-23,113.230003,113.330002,112.459999,112.540001,26028400,0.0,1.0
2014-12-24,112.580002,112.709999,112.010002,112.010002,14479600,0.0,1.0
2014-12-26,112.099998,114.519997,112.010002,113.989998,33721000,0.0,1.0
2014-12-29,113.790001,114.769997,113.699997,113.910004,27598900,0.0,1.0
2014-12-30,113.639999,113.919998,112.110001,112.519997,29881500,0.0,1.0
2014-12-31,112.82,113.129997,110.209999,110.379997,41403400,0.0,1.0
